,key ,Inputs from Database,Calculated Final Values,Calculated Intermediate Values,,,,,,Range Given:,,,Chart/Scatter Plot --- normalized values on x axis,y axis values,                       Normalized Data Best-fit Line Parameters:,Slope Beta ,Y-Intercept Alpha,                                                                                    Transaction Fees:,30%,"Note: if ""optimal rent"" is less value in this column, use this value","Three Interim Results Below are used to Calculate the Optimum Rent, using a method outside the scope of this course ",,,,"Use MS ""If"" statement  in this Column ",,,0.77146,,,,,,,,,,,,,
,,,,Long Term (LT) ,0.973,=(Monthly Rent*12)*(LT Occupancy Rate)),Short Term (ST),,,0.8,,,[(Range*(Example Rent  $ minus $ 10th)) / ($ 90th minus $ 10th)] + .1,Repeat earlier column for convenience ,,-0.7914,0.8506,=365*(variable cell dollars per night)*(Model forecast occupancy rate) ,= (Revenues Before Transaction fees)*(1 minus transaction  fees) ,Repeat for Convenience,Interim Result 1,Interim Result 2,Interim Result 3,=[(Beta*Interim result 2)/(Interim result 1)) - Alpha] * [Interim result 3],"If(Optimal $ Rent > 10th Percentile $ Rent, Optimal rent, else 10th percentile Rent) ",' ((Correct $ rent) minus (Interim Result 2)) /  (Interim Result 1) ,=((Beta)*(Rent Normalized to Percentile) + Alpha) ,=(Correct Nightly $ Rent)*(Forecast Occupancy Rate)*365 ,=(Forecast ST Revenues)*(1 minus transaction  fees) ,Repeat Column for Convenience,= (ST Annual Revenues After Transaction fees) minus (LT Annual Revenues),,= (forecast occupancy rate)*(365/Ave length of stay)*(Variable cost per guest visit),=-(Capital Expenditure) - Utilities - (Variable Costs),=-Utilities - (variable costs) - Repairs and Replacements,=-(( Capital Expenditure)/(Depreciation period - Years)) - Utilities - (Variable Costs) ,=-(( Capital Expenditure)/(Depreciation period - Years)) - Utilities - (Variable Costs) - (repairs and replacements) ,"=(change in gross rental revenue) + (New Cash Out, Conversion Year) ","=(change in gross rental revenue) + (New Cash Out,-each year therafter) ","=(change in gross rental revenue) + (New Change in Profits, Conversion Year) ","= (change in gross rental revenue) + (new change in Profits, each year thereafter) "
Watershed property ID ,location ID ,property type (Apartment or House) ,Number of Bedrooms (1 or 2) ,LT - Monthly Rent,LT occupancy rate,LT Annual Revenues,ST Example $ Rent ,ST Example Occupancy Rate,ST -  $ 10th percentile rent,ST - $ 90th percentile rent,$ 90th minus $ 10th ,Example $ Rent minus $ 10th ,ST Example Nightly Rent Normalized to Percentile,ST Example Occupancy Rate," SOLVER  ""Variable Cell"" - Rent in Dollars per Night (ST) ",Dollars Normalized to Percentile ,Model forecast occupancy = (Beta*( Dollars Normalized to Percentile)) + Alpha ,"SOLVER ""Objective""-  Forecast ST Annual Revenues Before Transaction Fees",Forecast ST Annual Revenues After Transaction Fees,10th Percentile $ Rent ,1.25*($ 90th - $ 10th),$ 10th - (($ 90th - $ 10th)/8)) ,1.25*($ 90th - $ 10th)/2*beta,Optimal Rent,"Correct Nightly $ Rent, given constraint that rent must be >= 10th percentile",Correct Nightly Rent Normalized to Percentile,Correct Forecast Occupancy Rate ,Forecast ST Annual Revenues Before Transaction Fees,Forecast ST Annual Revenues After Transaction Fees,LT Annual Revenues,Change in Gross Rental Revenue,,Variable Costs - Conversion Year and After,"New Cash Out,  Conversion year ",New Cash Out - each year thereafter,"New Change in Profits, Conversion Year","New Change in Profits, Each Year Thereafter","Net Forecast Change in Cash Flow, Conversion Year ","Net Change in Cash Flow, Each Year Thereafter (for next 4 years) ","Net Change in Profits, Conversion year","Net Change in Profits, each year thereafter (for next 4 years) "
W1,L9531,apartment,2,1060,0.973,12376.56,148,0.1616,114,153,39,34,0.7974358974,0.1616,,,,,,114,48.75,109.125,-30.79984837,80.76085102,114,0.10,0.77146,32100.4506,22470.31542,12376.56,10093.75542,FINANCIAL ASSUMPTIONS,9386.096667,"($42,986)","($18,986)","($18,986)","($24,986)","($32,892)","($8,892)","($8,892)","($14,892)"
W10,L9533,apartment,2,1200,0.973,14011.2,133,0.3479,111,149,38,22,0.5631578947,0.3479,,,,,,111,47.5,106.25,-30.01010867,78.65159843,111,0.10,0.77146,31255.7019,21878.99133,14011.2,7867.79133,,9386.096667,"($42,986)","($18,986)","($18,986)","($24,986)","($35,118)","($11,118)","($11,118)","($17,118)"
W100,L1944,apartment,1,3300,0.973,38530.8,372,0.3973,108,610,502,264,0.5207171315,0.3973,,,,,,108,627.5,45.25,-396.4493303,359.8448004,359.8448004,0.50,0.4538345418,59608.15004,41725.70503,38530.8,3194.905025,Capital Expenditure (conversion year only),5521.653592,"($39,122)","($15,122)","($15,122)","($21,122)","($35,927)","($11,927)","($11,927)","($17,927)"
W101,L15257,apartment,1,1400,0.973,16346.4,302,0.3644,178,533,355,124,0.3794366197,0.3644,,,,,,178,443.75,133.625,-280.3575941,305.2846696,305.2846696,0.39,0.5444558592,60668.11988,42467.68391,16346.4,26121.28391,"$30,000 ",6624.212953,"($40,224)","($16,224)","($16,224)","($22,224)","($14,103)","$9,897 ","$9,897 ","$3,897 "
W102,L15257,apartment,2,2000,0.973,23352,429,0.411,221,617,396,208,0.5202020202,0.411,,,,,,221,495,171.5,-312.7369219,351.7640258,351.7640258,0.36,0.5623960606,72208.20636,50545.74445,23352,27193.74445,Depreciation Period (years),6842.485404,"($40,442)","($16,442)","($16,442)","($22,442)","($13,249)","$10,751 ","$10,751 ","$4,751 "
W103,L15257,house,1,1600,0.973,18681.6,380,0.411,202,646,444,178,0.4207207207,0.411,,,,,,202,555,146.5,-350.6444276,371.5081501,371.5081501,0.41,0.5297505405,71834.42482,50284.09737,18681.6,31602.49737, 5 ,6445.298243,"($40,045)","($16,045)","($16,045)","($22,045)","($8,443)","$15,557 ","$15,557 ","$9,557 "
W104,L15257,house,2,2800,0.973,32692.8,374,0.526,197,639,442,177,0.420361991,0.526,,,,,,197,552.5,141.75,-349.0649482,367.7896449,367.7896449,0.41,0.5268212217,70722.17738,49505.52417,32692.8,16812.72417,,6409.658198,"($40,010)","($16,010)","($16,010)","($22,010)","($23,197)",$803 ,$803 ,"($5,197)"
W105,L15260,apartment,1,1100,0.973,12843.6,386,0.4329,114,477,363,272,0.6994490358,0.4329,,,,,,114,453.75,68.625,-286.6755118,278.1586903,278.1586903,0.46,0.4851455372,49255.81824,34479.07277,12843.6,21635.47277,Fixed Costs,5902.604036,"($39,503)","($15,503)","($15,503)","($21,503)","($17,867)","$6,133 ","$6,133 ",$133 
W106,L15260,apartment,2,1900,0.973,22184.4,212,0.6959,80,583,503,132,0.3099403579,0.6959,,,,,,80,628.75,17.125,-397.23907,346.4540529,346.4540529,0.52,0.4360775149,55144.50019,38601.15013,22184.4,16416.75013,        Utilities (every year),5305.609765,"($38,906)","($14,906)","($14,906)","($20,906)","($22,489)","$1,511 ","$1,511 ","($4,489)"
W107,L15260,house,1,1800,0.973,21016.8,969,0.1096,239,1431,1192,730,0.5899328859,0.1096,,,,,,239,1490,90,-941.3697245,845.7290877,845.7290877,0.51,0.4492013423,138664.4641,97065.12488,21016.8,76048.32488,"$3,600 ",5465.282998,"($39,065)","($15,065)","($15,065)","($21,065)","$36,983 ","$60,983 ","$60,983 ","$54,983 "
W108,L15260,house,2,3200,0.973,37363.2,885,0.2247,236,1533,1297,649,0.500308404,0.2247,,,,,,236,1621.25,73.875,-1024.292393,908.2006097,908.2006097,0.51,0.4433307402,146961.1357,102872.795,37363.2,65509.59499,       Repairs and replacements,5393.857339,"($38,994)","($14,994)","($14,994)","($20,994)","$26,516 ","$50,516 ","$50,516 ","$44,516 "
W109,L15264,apartment,1,1000,0.973,11676,287,0.2192,138,550,412,149,0.3893203883,0.2192,,,,,,138,515,86.5,-325.3727571,320.0120672,320.0120672,0.45,0.491762233,57439.9948,40207.99636,11676,28531.99636,                conversion year only ,5983.107168,"($39,583)","($15,583)","($15,583)","($21,583)","($11,051)","$12,949 ","$12,949 ","$6,949 "
W11,L9533,house,1,1000,0.973,11676,206,0.3918,116,296,180,90,0.5,0.3918,,,,,,116,225,93.5,-142.1531463,167.6654663,167.6654663,0.33,0.5897353333,36090.56112,25263.39278,11676,13587.39278,$0 ,7175.113222,"($40,775)","($16,775)","($16,775)","($22,775)","($27,188)","($3,188)","($3,188)","($9,188)"
W110,L15264,apartment,2,1300,0.973,15178.8,462,0.537,175,917,742,287,0.4094339623,0.537,,,,,,175,927.5,82.25,-585.9868587,539.565422,539.565422,0.49,0.4603903774,90669.91582,63468.94107,15178.8,48290.14107,                each year thereafter,5601.416258,"($39,201)","($15,201)","($15,201)","($21,201)","$9,089 ","$33,089 ","$33,089 ","$27,089 "
W111,L15264,house,1,1200,0.973,14011.2,389,0.5123,130,821,691,259,0.3998552822,0.5123,,,,,,130,863.75,43.625,-545.7101339,485.9935399,485.9935399,0.51,0.4452854269,78988.13193,55291.69235,14011.2,41280.49235,"$6,000 ",5417.639361,"($39,018)","($15,018)","($15,018)","($21,018)","$2,263 ","$26,263 ","$26,263 ","$20,263 "
W112,L15264,house,2,1600,0.973,18681.6,678,0.3616,241,866,625,437,0.65936,0.3616,,,,,,241,781.25,162.875,-493.5873136,501.282869,501.282869,0.43,0.507795536,92910.45914,65037.3214,18681.6,46355.7214,,6178.179021,"($39,778)","($15,778)","($15,778)","($21,778)","$6,578 ","$30,578 ","$30,578 ","$24,578 "
W113,L15278,apartment,1,800,0.973,9340.8,163,0.8438,134,288,154,29,0.2506493506,0.8438,,,,,,134,192.5,114.75,-121.6199141,160.8248989,160.8248989,0.24,0.6611783117,38811.88633,27168.32043,9340.8,17827.52043,Variable Costs (per guest visit),8044.336126,"($41,644)","($17,644)","($17,644)","($23,644)","($23,817)",$183 ,$183 ,"($5,817)"
W114,L15278,apartment,2,1200,0.973,14011.2,374,0.9151,234,794,560,140,0.3,0.9151,,,,,,234,700,164,-442.254233,458.1814506,458.1814506,0.42,0.5180068571,86629.51363,60640.65954,14011.2,46629.45954,$100 ,6302.416762,"($39,902)","($15,902)","($15,902)","($21,902)","$6,727 ","$30,727 ","$30,727 ","$24,727 "
W115,L15278,house,1,900,0.973,10508.4,444,0.4301,252,547,295,192,0.6206779661,0.4301,,,,,,252,368.75,215.125,-232.973212,305.7295142,305.7295142,0.25,0.6561473559,73220.3185,51254.22295,10508.4,40745.82295,Average Length of Guest Stay (days),7983.126164,"($41,583)","($17,583)","($17,583)","($23,583)",($837),"$23,163 ","$23,163 ","$17,163 "
W116,L15278,house,2,1100,0.973,12843.6,426,0.4822,246,616,370,180,0.4891891892,0.4822,,,,,,246,462.5,199.75,-292.2036897,348.4234584,348.4234584,0.32,0.5961996216,75821.42594,53074.99816,12843.6,40231.39816,3,7253.762063,"($40,854)","($16,854)","($16,854)","($22,854)",($622),"$23,378 ","$23,378 ","$17,378 "
W117,L15280,apartment,1,1000,0.973,11676,332,0.4904,171,457,286,161,0.5503496503,0.4904,,,,,,171,357.5,135.25,-225.8655547,259.7462408,259.7462408,0.35,0.5750018881,54514.4213,38160.09491,11676,26484.09491,,6995.856305,"($40,596)","($16,596)","($16,596)","($22,596)","($14,112)","$9,888 ","$9,888 ","$3,888 "
W118,L15280,apartment,2,1400,0.973,16346.4,430,0.5233,262,567,305,168,0.5406557377,0.5233,,,,,,262,381.25,223.875,-240.870609,316.8220401,316.8220401,0.24,0.6576602295,76051.85829,53236.3008,16346.4,36889.9008,Transaction fees,8001.532792,"($41,602)","($17,602)","($17,602)","($23,602)","($4,712)","$19,288 ","$19,288 ","$13,288 "
W119,L15280,house,1,1500,0.973,17514,662,0.4493,229,859,630,433,0.6498412698,0.4493,,,,,,229,787.5,150.25,-497.5360121,498.3291319,498.3291319,0.44,0.5007970476,91090.04167,63763.02917,17514,46249.02917,30%,6093.030746,"($39,693)","($15,693)","($15,693)","($21,693)","$6,556 ","$30,556 ","$30,556 ","$24,556 "
W12,L9533,house,2,1300,0.973,15178.8,186,0.6603,136,336,200,50,0.3,0.6603,,,,,,136,250,111,-157.9479404,189.8505181,189.8505181,0.32,0.6009908,41645.92138,29152.14496,15178.8,13973.34496,,7312.054733,"($40,912)","($16,912)","($16,912)","($22,912)","($26,939)","($2,939)","($2,939)","($8,939)"
W120,L15280,house,2,1600,0.973,18681.6,696,0.4877,449,899,450,247,0.5391111111,0.4877,,,,,,449,562.5,392.75,-355.3828658,498.6636657,498.6636657,0.19,0.7015865333,127697.3351,89388.13454,18681.6,70706.53454,Net Change in Profitability Threshold (Year after conversion year),8535.969489,"($42,136)","($18,136)","($18,136)","($24,136)","$28,571 ","$52,571 ","$52,571 ","$46,571 "
W121,L463,apartment,1,600,0.973,7005.6,182,0.4384,132,226,94,50,0.5255319149,0.4384,,,,,,132,117.5,120.25,-74.23553197,123.2697435,132,0.10,0.77146,37168.9428,26018.25996,7005.6,19012.65996,"$6,000 ",9386.096667,"($42,986)","($18,986)","($18,986)","($24,986)","($23,973)",$27 ,$27 ,"($5,973)"
W122,L463,apartment,2,800,0.973,9340.8,241,0.5315,157,340,183,84,0.4672131148,0.5315,,,,,,157,228.75,134.125,-144.5223654,189.993224,189.993224,0.24,0.6573142623,45583.1184,31908.18288,9340.8,22567.38288,,7997.323525,"($41,597)","($17,597)","($17,597)","($23,597)","($19,030)","$4,970 ","$4,970 ","($1,030)"
W123,L463,house,1,700,0.973,8173.2,363,0.1397,215,377,162,148,0.8308641975,0.1397,,,,,,215,202.5,194.75,-127.9378317,206.1989196,215,0.10,0.77146,60540.3235,42378.22645,8173.2,34205.02645,Note: After Completing this entire Spreadsheet and the next  ,9386.096667,"($42,986)","($18,986)","($18,986)","($24,986)","($8,781)","$15,219 ","$15,219 ","$9,219 "
W124,L463,house,2,1000,0.973,11676,301,0.4685,202,374,172,99,0.5604651163,0.4685,,,,,,202,215,180.5,-135.8352287,205.7914455,205.7914455,0.12,0.7575039535,56899.05926,39829.34148,11676,28153.34148,Copy this spredsheet to a new workbook. Then Change the transaction ,9216.298101,"($42,816)","($18,816)","($18,816)","($24,816)","($14,663)","$9,337 ","$9,337 ","$3,337 "
W125,L464,apartment,1,700,0.973,8173.2,212,0.5014,94,356,262,118,0.4603053435,0.5014,,,,,,94,327.5,61.25,-206.9118019,206.6241787,206.6241787,0.44,0.4993049618,37656.49434,26359.54604,8173.2,18186.34604,fees from 30% to 40%.Then sort by profitability again. ,6074.877036,"($39,675)","($15,675)","($15,675)","($21,675)","($21,489)","$2,511 ","$2,511 ","($3,489)"
W126,L464,apartment,2,900,0.973,10508.4,340,0.3068,69,485,416,271,0.6211538462,0.3068,,,,,,69,520,17,-328.5317159,287.9490776,287.9490776,0.52,0.4382363462,46059.25935,32241.48154,10508.4,21733.08154," How many properties now reach the $6,000 profitability threshold ",5331.875545,"($38,932)","($14,932)","($14,932)","($20,932)","($17,199)","$6,801 ","$6,801 ",$801 
W127,L464,house,1,1000,0.973,11676,266,0.5205,84,376,292,182,0.598630137,0.5205,,,,,,84,365,47.5,-230.6039929,219.9017564,219.9017564,0.47,0.4767952055,38269.55764,26788.69035,11676,15112.69035,in the year after the conversion year?,5801.008333,"($39,401)","($15,401)","($15,401)","($21,401)","($24,288)",($288),($288),"($6,288)"
W128,L464,house,2,1200,0.973,14011.2,442,0.1288,109,490,381,333,0.7992125984,0.1288,,,,,,109,476.25,61.375,-300.8908264,286.6252369,286.6252369,0.47,0.4762944094,49829.06925,34880.34848,14011.2,20869.14848,,5794.915315,"($39,395)","($15,395)","($15,395)","($21,395)","($18,526)","$5,474 ","$5,474 ",($526)
W129,L2314,apartment,1,1200,0.973,14011.2,354,0.2411,145,434,289,209,0.6785467128,0.2411,,,,,,145,361.25,108.875,-228.2347738,248.5739986,248.5739986,0.39,0.5445576817,49407.45135,34585.21594,14011.2,20574.01594,,6625.451794,"($40,225)","($16,225)","($16,225)","($22,225)","($19,651)","$4,349 ","$4,349 ","($1,651)"
W13,L9534,apartment,2,920,0.973,10741.92,123,0.4521,111,147,36,12,0.3666666667,0.4521,,,,,,111,45,106.5,-28.43062926,77.43309325,111,0.10,0.77146,31255.7019,21878.99133,10741.92,11137.07133,,9386.096667,"($42,986)","($18,986)","($18,986)","($24,986)","($31,849)","($7,849)","($7,849)","($13,849)"
W130,L2314,apartment,2,1300,0.973,15178.8,377,0.4795,228,457,229,149,0.6205240175,0.4795,,,,,,228,286.25,199.375,-180.8503917,253.5188432,253.5188432,0.19,0.7009076419,64858.05252,45400.63676,15178.8,30221.83676,,8527.709643,"($42,128)","($18,128)","($18,128)","($24,128)","($11,906)","$12,094 ","$12,094 ","$6,094 "
W131,L2314,house,1,1100,0.973,12843.6,318,0.2712,90,375,285,228,0.74,0.2712,,,,,,90,356.25,54.375,-225.075815,218.6369882,218.6369882,0.46,0.4856963158,38759.78059,27131.84641,12843.6,14288.24641,,5909.305175,"($39,509)","($15,509)","($15,509)","($21,509)","($25,221)","($1,221)","($1,221)","($7,221)"
W132,L2314,house,2,1200,0.973,14011.2,198,0.4301,128,238,110,70,0.6090909091,0.4301,,,,,,128,137.5,114.25,-86.8713672,131.0177849,131.0177849,0.12,0.7540907273,36061.74331,25243.22031,14011.2,11232.02031,,9174.770515,"($42,775)","($18,775)","($18,775)","($24,775)","($31,543)","($7,543)","($7,543)","($13,543)"
W133,L2318,apartment,1,1300,0.973,15178.8,149,0.5671,126,188,62,23,0.3967741935,0.5671,,,,,,126,77.5,118.25,-48.96386151,100.7736606,126,0.10,0.77146,35479.4454,24835.61178,15178.8,9656.81178,,9386.096667,"($42,986)","($18,986)","($18,986)","($24,986)","($33,329)","($9,329)","($9,329)","($15,329)"
W134,L2318,apartment,2,1700,0.973,19849.2,210,0.3205,152,247,95,58,0.5884210526,0.3205,,,,,,152,118.75,140.125,-75.02527167,133.8789961,152,0.10,0.77146,42800.6008,29960.42056,19849.2,10111.22056,,9386.096667,"($42,986)","($18,986)","($18,986)","($24,986)","($32,875)","($8,875)","($8,875)","($14,875)"
W135,L2318,house,1,1200,0.973,14011.2,187,0.4493,141,263,122,46,0.4016393443,0.4493,,,,,,141,152.5,125.75,-96.34824362,144.828816,144.828816,0.13,0.7515903279,39730.95712,27811.66999,14011.2,13800.46999,,9144.348989,"($42,744)","($18,744)","($18,744)","($24,744)","($28,944)","($4,944)","($4,944)","($10,944)"
W136,L2318,house,2,1900,0.973,22184.4,225,0.5096,157,314,157,68,0.4464968153,0.5096,,,,,,157,196.25,137.375,-123.9891332,174.1526567,174.1526567,0.19,0.70229,44641.56928,31249.0985,22184.4,9064.698497,,8544.528333,"($42,145)","($18,145)","($18,145)","($24,145)","($33,080)","($9,080)","($9,080)","($15,080)"
W137,L2323,apartment,1,1000,0.973,11676,123,0.7205,93,159,66,30,0.4636363636,0.7205,,,,,,93,82.5,84.75,-52.12282032,86.71067096,93,0.10,0.77146,26187.2097,18331.04679,11676,6655.04679,,9386.096667,"($42,986)","($18,986)","($18,986)","($24,986)","($36,331)","($12,331)","($12,331)","($18,331)"
W138,L2323,apartment,2,1500,0.973,17514,263,0.4959,145,462,317,118,0.3977917981,0.4959,,,,,,145,396.25,105.375,-250.3474855,265.6330711,265.6330711,0.40,0.5305287382,51437.98199,36006.58739,17514,18492.58739,,6454.766314,"($40,055)","($16,055)","($16,055)","($22,055)","($21,562)","$2,438 ","$2,438 ","($3,562)"
W139,L2323,house,1,1300,0.973,15178.8,238,0.4493,181,316,135,57,0.4377777778,0.4493,,,,,,181,168.75,164.125,-106.6148597,172.7490997,181,0.10,0.77146,50966.5049,35676.55343,15178.8,20497.75343,,9386.096667,"($42,986)","($18,986)","($18,986)","($24,986)","($22,488)","$1,512 ","$1,512 ","($4,488)"
W14,L9534,house,1,850,0.973,9924.6,146,0.5315,96,245,149,50,0.3684563758,0.5315,,,,,,96,186.25,77.375,-117.6712156,138.778636,138.778636,0.33,0.5896881208,29870.18126,20909.12688,9924.6,10984.52688,,7174.538803,"($40,775)","($16,775)","($16,775)","($22,775)","($29,790)","($5,790)","($5,790)","($11,790)"
W140,L2323,house,2,1800,0.973,21016.8,349,0.1507,145,412,267,204,0.7112359551,0.1507,,,,,,145,333.75,111.625,-210.8605004,235.1704416,235.1704416,0.37,0.5576446067,47866.65788,33506.66052,21016.8,12489.86052,,6784.676049,"($40,385)","($16,385)","($16,385)","($22,385)","($27,895)","($3,895)","($3,895)","($9,895)"
W141,L2325,apartment,1,1100,0.973,12843.6,147,0.6,99,215,116,48,0.4310344828,0.6,,,,,,99,145,84.5,-91.60980541,120.1733005,120.1733005,0.25,0.6558975862,28769.80286,20138.86201,12843.6,7295.262005,,7980.087299,"($41,580)","($17,580)","($17,580)","($23,580)","($34,285)","($10,285)","($10,285)","($16,285)"
W142,L2325,apartment,2,1400,0.973,16346.4,151,0.526,120,188,68,31,0.4647058824,0.526,,,,,,120,85,111.5,-53.70229972,101.4291761,120,0.10,0.77146,33789.948,23652.9636,16346.4,7306.5636,,9386.096667,"($42,986)","($18,986)","($18,986)","($24,986)","($35,680)","($11,680)","($11,680)","($17,680)"
W143,L2325,house,1,1300,0.973,15178.8,429,0.211,263,489,226,166,0.6876106195,0.211,,,,,,263,282.5,234.75,-178.4811726,269.1910854,269.1910854,0.12,0.7541161947,74095.4953,51866.84671,15178.8,36688.04671,,9175.080369,"($42,775)","($18,775)","($18,775)","($24,775)","($6,087)","$17,913 ","$17,913 ","$11,913 "
W144,L2325,house,2,1900,0.973,22184.4,441,0.3315,335,502,167,106,0.6077844311,0.3315,,,,,,335,208.75,314.125,-131.8865302,269.2451826,335,0.10,0.77146,94330.2715,66031.19005,22184.4,43846.79005,,9386.096667,"($42,986)","($18,986)","($18,986)","($24,986)",$861 ,"$24,861 ","$24,861 ","$18,861 "
W145,L2338,apartment,1,900,0.973,10508.4,144,0.3288,98,195,97,46,0.4793814433,0.3288,,,,,,98,121.25,85.875,-76.60475107,108.0975013,108.0975013,0.18,0.7055535052,27838.02838,19486.61987,10508.4,8978.219869,,8584.234313,"($42,184)","($18,184)","($18,184)","($24,184)","($33,206)","($9,206)","($9,206)","($15,206)"
W146,L2338,apartment,2,1400,0.973,16346.4,136,0.6192,77,260,183,59,0.3579234973,0.6192,,,,,,77,228.75,54.125,-144.5223654,149.993224,149.993224,0.42,0.518927377,28409.99047,19886.99333,16346.4,3540.593327,,6313.616421,"($39,914)","($15,914)","($15,914)","($21,914)","($36,373)","($12,373)","($12,373)","($18,373)"
W147,L2338,house,1,1400,0.973,16346.4,305,0.2712,173,322,149,132,0.8087248322,0.2712,,,,,,173,186.25,154.375,-117.6712156,177.278636,177.278636,0.12,0.7532795302,48742.23418,34119.56392,16346.4,17773.16392,,9164.900951,"($42,765)","($18,765)","($18,765)","($24,765)","($24,992)",($992),($992),"($6,992)"
W148,L2338,house,2,1700,0.973,19849.2,425,0.3288,176,469,293,249,0.7798634812,0.3288,,,,,,176,366.25,139.375,-231.3937326,266.511009,266.511009,0.35,0.5758820819,56019.80387,39213.86271,19849.2,19364.66271,,7006.56533,"($40,607)","($16,607)","($16,607)","($22,607)","($21,242)","$2,758 ","$2,758 ","($3,242)"
W149,L3244,apartment,1,800,0.973,9340.8,176,0.4137,86,224,138,90,0.6217391304,0.4137,,,,,,86,172.5,68.75,-108.9840788,127.0768575,127.0768575,0.34,0.5830065217,27041.62238,18929.13567,9340.8,9588.335668,,7093.246014,"($40,693)","($16,693)","($16,693)","($22,693)","($31,105)","($7,105)","($7,105)","($13,105)"
W15,L9534,house,2,900,0.973,10508.4,169,0.4795,111,276,165,58,0.3812121212,0.4795,,,,,,111,206.25,90.375,-130.3070508,156.0266774,156.0266774,0.32,0.5986885455,34095.15536,23866.60875,10508.4,13358.20875,,7284.04397,"($40,884)","($16,884)","($16,884)","($22,884)","($27,526)","($3,526)","($3,526)","($9,526)"
W150,L3244,apartment,2,1300,0.973,15178.8,207,0.6301,127,276,149,80,0.5295302013,0.6301,,,,,,127,186.25,108.375,-117.6712156,154.278636,154.278636,0.25,0.6555495973,36915.11365,25840.57956,15178.8,10661.77956,,7975.853434,"($41,576)","($17,576)","($17,576)","($23,576)","($30,914)","($6,914)","($6,914)","($12,914)"
W151,L3244,house,1,1400,0.973,16346.4,244,0.9041,222,381,159,22,0.2106918239,0.9041,,,,,,222,198.75,202.125,-125.5686126,207.8711619,222,0.10,0.77146,62511.4038,43757.98266,16346.4,27411.58266,,9386.096667,"($42,986)","($18,986)","($18,986)","($24,986)","($15,575)","$8,425 ","$8,425 ","$2,425 "
W152,L3244,house,2,1900,0.973,22184.4,536,0.5425,386,773,387,150,0.4100775194,0.5425,,,,,,386,483.75,337.625,-305.6292646,428.7807525,428.7807525,0.19,0.7014720155,109783.86,76848.702,22184.4,54664.302,,8534.576189,"($42,135)","($18,135)","($18,135)","($24,135)","$12,530 ","$36,530 ","$36,530 ","$30,530 "
W153,L3256,apartment,1,1700,0.973,19849.2,476,0.0795,136,476,340,340,0.9,0.0795,,,,,,136,425,93.5,-268.5114986,275.1458807,275.1458807,0.43,0.512354,51454.81379,36018.36965,19849.2,16169.16965,,6233.640333,"($39,834)","($15,834)","($15,834)","($21,834)","($23,664)",$336 ,$336 ,"($5,664)"
W154,L3256,apartment,2,2400,0.973,28022.4,360,0.5507,173,690,517,187,0.3893617021,0.5507,,,,,,173,646.25,108.375,-408.2954258,401.4835892,401.4835892,0.45,0.4916582012,72048.33523,50433.83466,28022.4,22411.43466,,5981.841447,"($39,582)","($15,582)","($15,582)","($21,582)","($17,170)","$6,830 ","$6,830 ",$830 
W155,L3256,house,1,2100,0.973,24519.6,1477,0.6932,448,2128,1680,1029,0.59,0.6932,,,,,,448,2100,238,-1326.762699,1247.544352,1247.544352,0.48,0.470146,214082.7152,149857.9006,24519.6,125338.3006,,5720.109667,"($39,320)","($15,320)","($15,320)","($21,320)","$86,018 ","$110,018 ","$110,018 ","$104,018 "
W156,L3256,house,2,3200,0.973,37363.2,1265,0.7151,450,2699,2249,815,0.3899066252,0.7151,,,,,,450,2811.25,168.875,-1776.124589,1595.209076,1595.209076,0.51,0.4490701512,261471.685,183030.1795,37363.2,145666.9795,,5463.686839,"($39,064)","($15,064)","($15,064)","($21,064)","$106,603 ","$130,603 ","$130,603 ","$124,603 "
W157,L3261,apartment,1,1300,0.973,15178.8,328,0.5205,291,387,96,37,0.4083333333,0.5205,,,,,,291,120,279,-75.81501137,203.9882487,291,0.10,0.77146,81940.6239,57358.43673,15178.8,42179.63673,,9386.096667,"($42,986)","($18,986)","($18,986)","($24,986)",($806),"$23,194 ","$23,194 ","$17,194 "
W158,L3261,apartment,2,1700,0.973,19849.2,246,0.1589,203,318,115,43,0.3991304348,0.1589,,,,,,203,143.75,188.625,-90.82006571,171.5640479,203,0.10,0.77146,57161.3287,40012.93009,19849.2,20163.73009,,9386.096667,"($42,986)","($18,986)","($18,986)","($24,986)","($22,822)","$1,178 ","$1,178 ","($4,822)"
W159,L3261,house,1,1400,0.973,16346.4,325,0.5452,287,395,108,38,0.3814814815,0.5452,,,,,,287,135,273.5,-85.29188779,209.2992798,287,0.10,0.77146,80814.2923,56570.00461,16346.4,40223.60461,,9386.096667,"($42,986)","($18,986)","($18,986)","($24,986)","($2,762)","$21,238 ","$21,238 ","$15,238 "
W16,L9534,apartment,1,750,0.973,8757,94,0.4795,51,179,128,43,0.36875,0.4795,,,,,,51,160,35,-101.0866818,103.4843316,103.4843316,0.43,0.511859375,19333.84023,13533.68816,8757,4776.688158,,6227.622396,"($39,828)","($15,828)","($15,828)","($21,828)","($35,051)","($11,051)","($11,051)","($17,051)"
W160,L3261,house,2,1900,0.973,22184.4,428,0.5863,376,502,126,52,0.4301587302,0.5863,,,,,,376,157.5,360.25,-99.50720243,264.7658264,376,0.10,0.77146,105875.1704,74112.61928,22184.4,51928.21928,,9386.096667,"($42,986)","($18,986)","($18,986)","($24,986)","$8,942 ","$32,942 ","$32,942 ","$26,942 "
W161,L3262,apartment,1,1600,0.973,18681.6,188,0.6795,126,352,226,62,0.3194690265,0.6795,,,,,,126,282.5,97.75,-178.4811726,200.6910854,200.6910854,0.36,0.5622192035,41183.8195,28828.67365,18681.6,10147.07365,,6840.333643,"($40,440)","($16,440)","($16,440)","($22,440)","($30,293)","($6,293)","($6,293)","($12,293)"
W162,L3262,apartment,2,2200,0.973,25687.2,274,0.5781,119,505,386,155,0.4212435233,0.5781,,,,,,119,482.5,70.75,-304.8395249,294.6714999,294.6714999,0.46,0.4833223316,51983.78048,36388.64633,25687.2,10701.44633,,5880.421701,"($39,480)","($15,480)","($15,480)","($21,480)","($28,779)","($4,779)","($4,779)","($10,779)"
W163,L3262,house,1,1500,0.973,17514,860,0.411,486,1215,729,374,0.5104252401,0.411,,,,,,486,911.25,394.875,-575.7202426,687.1451384,687.1451384,0.32,0.59677,149674.6755,104772.2729,17514,87258.27288,,7260.701667,"($40,861)","($16,861)","($16,861)","($22,861)","$46,398 ","$70,398 ","$70,398 ","$64,398 "
W164,L3262,house,2,2400,0.973,28022.4,729,0.6822,516,1650,1134,213,0.2502645503,0.6822,,,,,,516,1417.5,374.25,-895.5648218,948.8924375,948.8924375,0.41,0.5297731746,183484.682,128439.2774,28022.4,100416.8774,,6445.573624,"($40,046)","($16,046)","($16,046)","($22,046)","$60,371 ","$84,371 ","$84,371 ","$78,371 "
W165,L3264,apartment,1,1600,0.973,18681.6,174,0.8247,160,321,161,14,0.1695652174,0.8247,,,,,,160,201.25,139.875,-127.148092,178.089667,178.089667,0.19,0.7003237888,45522.95709,31866.06996,18681.6,13184.46996,,8520.606097,"($42,121)","($18,121)","($18,121)","($24,121)","($28,936)","($4,936)","($4,936)","($10,936)"
W166,L3264,apartment,2,1900,0.973,22184.4,308,0.2164,168,364,196,140,0.6714285714,0.2164,,,,,,168,245,143.5,-154.7889816,203.4135077,203.4135077,0.24,0.6570671429,48784.5613,34149.19291,22184.4,11964.79291,,7994.316905,"($41,594)","($17,594)","($17,594)","($23,594)","($29,630)","($5,630)","($5,630)","($11,630)"
W167,L3264,house,1,1400,0.973,16346.4,308,0.6,226,368,142,82,0.561971831,0.6,,,,,,226,177.5,208.25,-112.1430377,199.5138678,226,0.10,0.77146,63637.7354,44546.41478,16346.4,28200.01478,,9386.096667,"($42,986)","($18,986)","($18,986)","($24,986)","($14,786)","$9,214 ","$9,214 ","$3,214 "
W168,L3264,house,2,2000,0.973,23352,342,0.3918,285,428,143,57,0.4188811189,0.3918,,,,,,285,178.75,267.125,-112.9327774,229.6231204,285,0.10,0.77146,80251.1265,56175.78855,23352,32823.78855,,9386.096667,"($42,986)","($18,986)","($18,986)","($24,986)","($10,162)","$13,838 ","$13,838 ","$7,838 "
W169,L10126,apartment,1,1000,0.973,11676,229,0.589,91,342,251,138,0.5398406375,0.589,,,,,,91,313.75,59.625,-198.2246652,198.4224002,198.4224002,0.44,0.5004987649,36248.21067,25373.74747,11676,13697.74747,,6089.40164,"($39,689)","($15,689)","($15,689)","($21,689)","($25,992)","($1,992)","($1,992)","($7,992)"
W17,L4761,apartment,2,2500,0.973,29190,392,0.2932,173,581,408,219,0.5294117647,0.2932,,,,,,173,510,122,-322.2137983,335.0750569,335.0750569,0.42,0.5199576471,63592.06593,44514.44615,29190,15324.44615,,6326.151373,"($39,926)","($15,926)","($15,926)","($21,926)","($24,602)",($602),($602),"($6,602)"
W170,L10126,apartment,2,1400,0.973,16346.4,322,0.2712,168,392,224,154,0.65,0.2712,,,,,,168,280,140,-176.9016932,220.4725802,220.4725802,0.29,0.62315,50146.43326,35102.50328,16346.4,18756.10328,,7581.658333,"($41,182)","($17,182)","($17,182)","($23,182)","($22,426)","$1,574 ","$1,574 ","($4,426)"
W171,L10126,house,1,1300,0.973,15178.8,257,0.5507,155,494,339,102,0.3407079646,0.5507,,,,,,155,423.75,112.625,-267.7217589,284.0366281,284.0366281,0.40,0.530469823,54995.59385,38496.91569,15178.8,23318.11569,,6454.049513,"($40,054)","($16,054)","($16,054)","($22,054)","($16,736)","$7,264 ","$7,264 ","$1,264 "
W172,L10126,house,2,1800,0.973,21016.8,286,0.4521,151,391,240,135,0.55,0.4521,,,,,,151,300,121,-189.5375284,221.7206217,221.7206217,0.34,0.584899,47334.72201,33134.30541,21016.8,12117.50541,,7116.271167,"($40,716)","($16,716)","($16,716)","($22,716)","($28,599)","($4,599)","($4,599)","($10,599)"
W173,L10130,apartment,1,700,0.973,8173.2,180,0.5178,99,265,166,81,0.4903614458,0.5178,,,,,,99,207.5,78.25,-131.0967905,150.63593,150.63593,0.35,0.5745218072,31588.42376,22111.89663,8173.2,13938.69663,,6990.015321,"($40,590)","($16,590)","($16,590)","($22,590)","($26,651)","($2,651)","($2,651)","($8,651)"
W174,L10130,apartment,2,900,0.973,10508.4,230,0.5205,154,286,132,76,0.5606060606,0.5205,,,,,,154,165,137.5,-104.2456406,157.4213419,157.4213419,0.12,0.75505,43384.25924,30368.98147,10508.4,19860.58147,,9186.441667,"($42,786)","($18,786)","($18,786)","($24,786)","($22,926)","$1,074 ","$1,074 ","($4,926)"
W175,L10130,house,1,1000,0.973,11676,221,0.6301,190,462,272,31,0.1911764706,0.6301,,,,,,190,340,156,-214.8091989,260.7167046,260.7167046,0.31,0.6068564706,57749.43099,40424.6017,11676,28748.6017,,7383.420392,"($40,983)","($16,983)","($16,983)","($22,983)","($12,235)","$11,765 ","$11,765 ","$5,765 "
W176,L10130,house,2,1200,0.973,14011.2,316,0.3699,205,411,206,111,0.5310679612,0.3699,,,,,,205,257.5,179.25,-162.6863786,228.0060336,228.0060336,0.19,0.700753301,58318.23295,40822.76307,14011.2,26811.56307,,8525.831828,"($42,126)","($18,126)","($18,126)","($24,126)","($15,314)","$8,686 ","$8,686 ","$2,686 "
W177,L10133,apartment,1,700,0.973,8173.2,245,0.5699,192,313,121,53,0.4504132231,0.5699,,,,,,192,151.25,176.875,-95.55850392,169.7195634,192,0.10,0.77146,54063.9168,37844.74176,8173.2,29671.54176,,9386.096667,"($42,986)","($18,986)","($18,986)","($24,986)","($13,315)","$10,685 ","$10,685 ","$4,685 "
W178,L10133,apartment,2,1000,0.973,11676,266,0.4192,192,357,165,74,0.4587878788,0.4192,,,,,,192,206.25,171.375,-130.3070508,196.5266774,196.5266774,0.12,0.7540907273,54092.61496,37864.83047,11676,26188.83047,,9174.770515,"($42,775)","($18,775)","($18,775)","($24,775)","($16,586)","$7,414 ","$7,414 ","$1,414 "
W179,L10133,house,1,800,0.973,9340.8,325,0.4548,186,465,279,139,0.4985663082,0.4548,,,,,,186,348.75,151.125,-220.3373768,262.9814727,262.9814727,0.32,0.59677,57282.90052,40098.03036,9340.8,30757.23036,,7260.701667,"($40,861)","($16,861)","($16,861)","($22,861)","($10,103)","$13,897 ","$13,897 ","$7,897 "
W18,L4761,house,1,2500,0.973,29190,393,0.6219,189,588,399,204,0.5090225564,0.6219,,,,,,189,498.75,139.125,-315.106141,337.5917835,337.5917835,0.40,0.5356794737,66006.96096,46204.87267,29190,17014.87267,,6517.433596,"($40,117)","($16,117)","($16,117)","($22,117)","($23,103)",$897 ,$897 ,"($5,103)"
W180,L10133,house,2,900,0.973,10508.4,256,0.7096,209,358,149,47,0.3523489933,0.7096,,,,,,209,186.25,190.375,-117.6712156,195.278636,209,0.10,0.77146,58850.8261,41195.57827,10508.4,30687.17827,,9386.096667,"($42,986)","($18,986)","($18,986)","($24,986)","($12,299)","$11,701 ","$11,701 ","$5,701 "
W181,L10136,apartment,1,700,0.973,8173.2,184,0.3096,42,252,210,142,0.640952381,0.3096,,,,,,42,262.5,15.75,-165.8453374,148.943044,148.943044,0.51,0.449042,24411.81406,17088.26984,8173.2,8915.069841,,5463.344333,"($39,063)","($15,063)","($15,063)","($21,063)","($30,148)","($6,148)","($6,148)","($12,148)"
W182,L10136,apartment,2,1000,0.973,11676,427,0.2411,94,531,437,333,0.709610984,0.2411,,,,,,94,546.25,39.375,-345.1162497,313.243382,313.243382,0.50,0.4538229977,51887.32348,36321.12643,11676,24645.12643,,5521.513139,"($39,122)","($15,122)","($15,122)","($21,122)","($14,476)","$9,524 ","$9,524 ","$3,524 "
W183,L10136,house,1,900,0.973,10508.4,418,0.0466,86,488,402,332,0.7606965174,0.0466,,,,,,86,502.5,35.75,-317.4753601,287.9195413,287.9195413,0.50,0.453451791,47653.53557,33357.4749,10508.4,22849.0749,,5516.996791,"($39,117)","($15,117)","($15,117)","($21,117)","($16,268)","$7,732 ","$7,732 ","$1,732 "
W184,L10136,house,2,1200,0.973,14011.2,219,0.6356,83,556,473,136,0.3300211416,0.6356,,,,,,83,591.25,23.875,-373.5468789,329.6764752,329.6764752,0.52,0.4412785835,53099.89632,37169.92743,14011.2,23158.72743,,5368.889433,"($38,969)","($14,969)","($14,969)","($20,969)","($15,810)","$8,190 ","$8,190 ","$2,190 "
W185,L1882,apartment,1,1100,0.973,12843.6,220,0.4301,84,301,217,136,0.6013824885,0.4301,,,,,,84,271.25,56.875,-171.3735153,174.2078121,174.2078121,0.43,0.5082693548,32318.73968,22623.11777,12843.6,9779.517774,,6183.943817,"($39,784)","($15,784)","($15,784)","($21,784)","($30,004)","($6,004)","($6,004)","($12,004)"
W186,L1882,apartment,2,1400,0.973,16346.4,481,0.3808,134,568,434,347,0.7396313364,0.3808,,,,,,134,542.5,79.75,-342.7470306,331.4156242,331.4156242,0.46,0.4834697235,58483.73837,40938.61686,16346.4,24592.21686,,5882.214969,"($39,482)","($15,482)","($15,482)","($21,482)","($14,890)","$9,110 ","$9,110 ","$3,110 "
W187,L1882,house,1,1300,0.973,15178.8,280,0.4575,109,615,506,171,0.3703557312,0.4575,,,,,,109,632.5,45.75,-399.6082891,362.7818107,362.7818107,0.50,0.4539217787,60106.21615,42074.3513,15178.8,26895.5513,,5522.714974,"($39,123)","($15,123)","($15,123)","($21,123)","($12,227)","$11,773 ","$11,773 ","$5,773 "
W19,L4761,house,2,2800,0.973,32692.8,556,0.2986,191,826,635,365,0.5598425197,0.2986,,,,,,191,793.75,111.625,-501.4847106,482.3753949,482.3753949,0.47,0.4809472598,84678.9504,59275.26528,32692.8,26582.46528,,5851.524995,"($39,452)","($15,452)","($15,452)","($21,452)","($12,869)","$11,131 ","$11,131 ","$5,131 "
W191,L1883,house,1,1300,0.973,15178.8,318,0.3918,157,471,314,161,0.5101910828,0.3918,,,,,,157,392.5,117.75,-247.9782664,269.8053134,269.8053134,0.39,0.54401,53573.52781,37501.46947,15178.8,22322.66947,,6618.788333,"($40,219)","($16,219)","($16,219)","($22,219)","($17,896)","$6,104 ","$6,104 ",$104 
W192,L1883,house,2,1600,0.973,18681.6,680,0.3863,253,886,633,427,0.6396524487,0.3863,,,,,,253,791.25,173.875,-499.9052312,512.1568897,512.1568897,0.43,0.512253981,95759.35807,67031.55065,18681.6,48349.95065,,6232.423436,"($39,832)","($15,832)","($15,832)","($21,832)","$8,518 ","$32,518 ","$32,518 ","$26,518 "
W193,L1887,apartment,1,1400,0.973,16346.4,202,0.4877,76,342,266,126,0.4789473684,0.4877,,,,,,76,332.5,42.75,-210.0707607,200.061189,200.061189,0.47,0.4761757143,34771.46205,24340.02343,16346.4,7993.623435,,5793.47119,"($39,393)","($15,393)","($15,393)","($21,393)","($31,400)","($7,400)","($7,400)","($13,400)"
W194,L1887,apartment,2,2000,0.973,23352,579,0.411,107,781,674,472,0.6602373887,0.411,,,,,,107,842.5,22.75,-532.284559,464.1362459,464.1362459,0.52,0.4359850742,73860.11359,51702.07952,23352,28350.07952,,5304.485069,"($38,904)","($14,904)","($14,904)","($20,904)","($10,554)","$13,446 ","$13,446 ","$7,446 "
W195,L1887,house,1,1700,0.973,19849.2,524,0.5041,162,614,452,362,0.7407079646,0.5041,,,,,,162,565,105.5,-356.9623452,356.3821708,356.3821708,0.44,0.4991873451,64934.03645,45453.82551,19849.2,25604.62551,,6073.446032,"($39,673)","($15,673)","($15,673)","($21,673)","($14,069)","$9,931 ","$9,931 ","$3,931 "
W196,L1887,house,2,2500,0.973,29190,560,0.2767,158,906,748,402,0.5299465241,0.2767,,,,,,158,935,64.5,-590.7252969,534.7209376,534.7209376,0.50,0.4525969519,88334.76925,61834.33848,29190,32644.33848,,5506.596248,"($39,107)","($15,107)","($15,107)","($21,107)","($6,462)","$17,538 ","$17,538 ","$11,538 "
W197,L1902,apartment,1,1800,0.973,21016.8,362,0.3288,199,432,233,163,0.6596566524,0.3288,,,,,,199,291.25,169.875,-184.0093505,241.4558536,241.4558536,0.25,0.6560966953,57822.71146,40475.89802,21016.8,19459.09802,,7982.509793,"($41,583)","($17,583)","($17,583)","($23,583)","($22,123)","$1,877 ","$1,877 ","($4,123)"
W198,L1902,apartment,2,2600,0.973,30357.6,417,0.5315,366,594,228,51,0.2789473684,0.5315,,,,,,366,285,337.5,-180.060652,321.9095906,366,0.10,0.77146,103059.3414,72141.53898,30357.6,41783.93898,,9386.096667,"($42,986)","($18,986)","($18,986)","($24,986)","($1,202)","$22,798 ","$22,798 ","$16,798 "
W199,L1902,house,1,2500,0.973,29190,474,0.4274,333,665,332,141,0.4397590361,0.4274,,,,,,333,415,291.5,-262.193581,368.77186,368.77186,0.19,0.703243494,94657.79013,66260.45309,29190,37070.45309,,8556.129177,"($42,156)","($18,156)","($18,156)","($24,156)","($5,086)","$18,914 ","$18,914 ","$12,914 "
W2,L9531,house,1,1500,0.973,17514,146,0.2411,81,205,124,65,0.5193548387,0.2411,,,,,,81,155,65.5,-97.92772302,116.0473212,116.0473212,0.33,0.5925151613,25097.32599,17568.12819,17514,54.12819479,,7208.934462,"($40,809)","($16,809)","($16,809)","($22,809)","($40,755)","($16,755)","($16,755)","($22,755)"
W20,L4761,apartment,1,1700,0.973,19849.2,312,0.411,106,465,359,206,0.5590529248,0.411,,,,,,106,448.75,61.125,-283.5165529,271.7216799,271.7216799,0.47,0.4791989694,47526.19338,33268.33536,19849.2,13419.13536,,5830.254127,"($39,430)","($15,430)","($15,430)","($21,430)","($26,011)","($2,011)","($2,011)","($8,011)"
W200,L1902,house,2,3600,0.973,42033.6,491,0.3973,336,624,288,155,0.5305555556,0.3973,,,,,,336,360,300,-227.4450341,343.464746,343.464746,0.12,0.75505,94656.56562,66259.59593,42033.6,24225.99593,,9186.441667,"($42,786)","($18,786)","($18,786)","($24,786)","($18,560)","$5,440 ","$5,440 ",($560)
W201,L1916,apartment,1,1200,0.973,14011.2,204,0.7973,173,395,222,31,0.2117117117,0.7973,,,,,,173,277.5,145.25,-175.3222138,221.7540751,221.7540751,0.28,0.6324186486,51188.11556,35831.68089,14011.2,21820.48089,,7694.426892,"($41,294)","($17,294)","($17,294)","($23,294)","($19,474)","$4,526 ","$4,526 ","($1,474)"
W202,L1916,apartment,2,1600,0.973,18681.6,245,0.6877,228,456,228,17,0.1596491228,0.6877,,,,,,228,285,199.5,-180.060652,252.9095906,252.9095906,0.19,0.70229,64829.79488,45380.85642,18681.6,26699.25642,,8544.528333,"($42,145)","($18,145)","($18,145)","($24,145)","($15,445)","$8,555 ","$8,555 ","$2,555 "
W203,L1916,house,1,1000,0.973,11676,197,0.589,155,252,97,42,0.4463917526,0.589,,,,,,155,121.25,142.875,-76.60475107,136.5975013,155,0.10,0.77146,43645.3495,30551.74465,11676,18875.74465,,9386.096667,"($42,986)","($18,986)","($18,986)","($24,986)","($24,110)",($110),($110),"($6,110)"
W204,L1916,house,2,1500,0.973,17514,195,0.6192,158,236,78,37,0.4794871795,0.6192,,,,,,158,97.5,148.25,-61.59969674,126.521702,158,0.10,0.77146,44490.0982,31143.06874,17514,13629.06874,,9386.096667,"($42,986)","($18,986)","($18,986)","($24,986)","($29,357)","($5,357)","($5,357)","($11,357)"
W205,L12252,apartment,1,750,0.973,8757,124,0.4548,89,155,66,35,0.5242424242,0.4548,,,,,,89,82.5,80.75,-52.12282032,84.71067096,89,0.10,0.77146,25060.8781,17542.61467,8757,8785.61467,,9386.096667,"($42,986)","($18,986)","($18,986)","($24,986)","($34,200)","($10,200)","($10,200)","($16,200)"
W206,L12252,apartment,2,1040,0.973,12143.04,156,0.4877,115,179,64,41,0.6125,0.4877,,,,,,115,80,107,-50.54334091,96.49216578,115,0.10,0.77146,32382.0335,22667.42345,12143.04,10524.38345,,9386.096667,"($42,986)","($18,986)","($18,986)","($24,986)","($32,462)","($8,462)","($8,462)","($14,462)"
W207,L12252,house,1,900,0.973,10508.4,256,0.4795,152,300,148,104,0.6621621622,0.4795,,,,,,152,185,133.5,-116.8814759,166.1693834,166.1693834,0.18,0.7108456757,43114.08747,30179.86123,10508.4,19671.46123,,8648.622387,"($42,249)","($18,249)","($18,249)","($24,249)","($22,577)","$1,423 ","$1,423 ","($4,577)"
W208,L12252,house,2,1400,0.973,16346.4,284,0.4932,175,368,193,109,0.5518134715,0.4932,,,,,,175,241.25,150.875,-152.4197624,205.0857499,205.0857499,0.22,0.6727662694,50360.79284,35252.55499,16346.4,18906.15499,,8185.322945,"($41,785)","($17,785)","($17,785)","($23,785)","($22,879)","$1,121 ","$1,121 ","($4,879)"
W209,L12260,apartment,1,825,0.973,9632.7,128,0.3616,77,161,84,51,0.5857142857,0.3616,,,,,,77,105,66.5,-66.33813495,89.67721759,89.67721759,0.22,0.67591,22124.01077,15486.80754,9632.7,5854.10754,,8223.571667,"($41,824)","($17,824)","($17,824)","($23,824)","($35,969)","($11,969)","($11,969)","($17,969)"
W21,L4765,apartment,2,2700,0.973,31525.2,337,0.4219,157,526,369,180,0.4902439024,0.4219,,,,,,157,461.25,110.875,-291.41395,303.3142058,303.3142058,0.42,0.5204181301,57615.32732,40330.72912,31525.2,8805.529122,,6331.753916,"($39,932)","($15,932)","($15,932)","($21,932)","($31,126)","($7,126)","($7,126)","($13,126)"
W210,L12260,apartment,2,1300,0.973,15178.8,139,0.7425,125,170,45,14,0.3488888889,0.7425,,,,,,125,56.25,119.375,-35.53828658,89.91636657,125,0.10,0.77146,35197.8625,24638.50375,15178.8,9459.70375,,9386.096667,"($42,986)","($18,986)","($18,986)","($24,986)","($33,526)","($9,526)","($9,526)","($15,526)"
W211,L12260,house,1,1000,0.973,11676,240,0.3699,140,288,148,100,0.6405405405,0.3699,,,,,,140,185,121.5,-116.8814759,160.1693834,160.1693834,0.21,0.6851786486,40056.7942,28039.75594,11676,16363.75594,,8336.340225,"($41,936)","($17,936)","($17,936)","($23,936)","($25,573)","($1,573)","($1,573)","($7,573)"
W218,L16888,apartment,2,1200,0.973,14011.2,203,0.2712,125,277,152,78,0.5105263158,0.2712,,,,,,125,190,106,-120.0404347,155.1063937,155.1063937,0.26,0.6460589474,36575.87381,25603.11167,14011.2,11591.91167,,7860.38386,"($41,460)","($17,460)","($17,460)","($23,460)","($29,868)","($5,868)","($5,868)","($11,868)"
W219,L16888,house,1,1400,0.973,16346.4,240,0.7616,209,384,175,31,0.2417142857,0.7616,,,,,,209,218.75,187.125,-138.2044478,211.1192033,211.1192033,0.11,0.7637930857,58856.75653,41199.72957,16346.4,24853.32957,,9292.815876,"($42,893)","($18,893)","($18,893)","($24,893)","($18,039)","$5,961 ","$5,961 ",($39)
W220,L16888,house,2,1600,0.973,18681.6,312,0.6082,220,418,198,92,0.4717171717,0.6082,,,,,,220,247.5,195.25,-156.368461,230.6320129,230.6320129,0.14,0.7374633333,62080.16834,43456.11784,18681.6,24774.51784,,8972.470556,"($42,572)","($18,572)","($18,572)","($24,572)","($17,798)","$6,202 ","$6,202 ",$202 
W221,L16887,apartment,1,1105,0.973,12901.98,111,0.611,82,235,153,29,0.2516339869,0.611,,,,,,82,191.25,62.875,-120.8301744,134.2156463,134.2156463,0.37,0.5553896078,27207.82094,19045.47466,12901.98,6143.494658,,6757.240229,"($40,357)","($16,357)","($16,357)","($22,357)","($34,214)","($10,214)","($10,214)","($16,214)"
W222,L16887,apartment,2,1665,0.973,19440.54,169,0.3068,130,200,70,39,0.5457142857,0.3068,,,,,,130,87.5,121.25,-55.28177913,107.6476813,130,0.10,0.77146,36605.777,25624.0439,19440.54,6183.5039,,9386.096667,"($42,986)","($18,986)","($18,986)","($24,986)","($36,803)","($12,803)","($12,803)","($18,803)"
W223,L16887,house,1,1175,0.973,13719.3,201,0.5233,106,267,161,95,0.5720496894,0.5233,,,,,,106,201.25,85.875,-127.148092,151.089667,151.089667,0.32,0.5941483851,32765.93381,22936.15367,13719.3,9216.853669,,7228.805352,"($40,829)","($16,829)","($16,829)","($22,829)","($31,612)","($7,612)","($7,612)","($13,612)"
W224,L16887,house,2,1725,0.973,20141.1,242,0.4822,195,305,110,47,0.4418181818,0.4822,,,,,,195,137.5,181.25,-86.8713672,164.5177849,195,0.10,0.77146,54908.6655,38436.06585,20141.1,18294.96585,,9386.096667,"($42,986)","($18,986)","($18,986)","($24,986)","($24,691)",($691),($691),"($6,691)"
W225,L16898,apartment,1,709,0.973,8278.284,158,0.2219,86,192,106,72,0.6433962264,0.2219,,,,,,86,132.5,72.75,-83.71240839,107.5807746,107.5807746,0.26,0.6425616981,25231.4591,17662.02137,8278.284,9383.737368,,7817.833994,"($41,418)","($17,418)","($17,418)","($23,418)","($32,034)","($8,034)","($8,034)","($14,034)"
W226,L16898,apartment,2,869,0.973,10146.444,246,0.389,135,305,170,111,0.6223529412,0.389,,,,,,135,212.5,113.75,-134.2557493,171.0729404,171.0729404,0.27,0.6371158824,39782.54988,27847.78492,10146.444,17701.34092,,7751.576569,"($41,352)","($17,352)","($17,352)","($23,352)","($23,650)",$350 ,$350 ,"($5,650)"
W227,L16898,house,1,925,0.973,10800.3,207,0.4164,125,288,163,82,0.5024539877,0.4164,,,,,,125,203.75,104.625,-128.7275714,161.8081722,161.8081722,0.28,0.6284907362,37118.65211,25983.05648,10800.3,15182.75648,,7646.63729,"($41,247)","($17,247)","($17,247)","($23,247)","($26,064)","($2,064)","($2,064)","($8,064)"
W228,L16898,house,2,1350,0.973,15762.6,224,0.4849,119,360,241,105,0.4485477178,0.4849,,,,,,119,301.25,88.875,-190.3272681,206.3298743,206.3298743,0.39,0.5420397095,40821.22957,28574.8607,15762.6,12812.2607,,6594.816466,"($40,195)","($16,195)","($16,195)","($22,195)","($27,383)","($3,383)","($3,383)","($9,383)"
W229,L16890,apartment,1,900,0.973,10508.4,139,0.5507,89,177,88,50,0.5545454545,0.5507,,,,,,89,110,78,-69.49709376,98.11422795,98.11422795,0.18,0.7058872727,25279.01845,17695.31291,10508.4,7186.912912,,8588.295152,"($42,188)","($18,188)","($18,188)","($24,188)","($35,001)","($11,001)","($11,001)","($17,001)"
W230,L16890,apartment,2,1325,0.973,15470.7,283,0.2932,161,319,158,122,0.717721519,0.2932,,,,,,161,197.5,141.25,-124.7788729,176.7619093,176.7619093,0.18,0.7083006329,45698.20886,31988.7462,15470.7,16518.0462,,8617.6577,"($42,218)","($18,218)","($18,218)","($24,218)","($25,700)","($1,700)","($1,700)","($7,700)"
W231,L16890,house,1,975,0.973,11384.1,192,0.5014,145,300,155,47,0.3425806452,0.5014,,,,,,145,193.75,125.625,-122.4096538,166.9341515,166.9341515,0.21,0.6818667742,41546.80076,29082.76053,11384.1,17698.66053,,8296.045753,"($41,896)","($17,896)","($17,896)","($23,896)","($24,197)",($197),($197),"($6,197)"
W232,L16890,house,2,1550,0.973,18097.8,307,0.3014,185,376,191,122,0.6109947644,0.3014,,,,,,185,238.75,161.125,-150.840283,208.8672448,208.8672448,0.20,0.6923457068,52782.04417,36947.43092,18097.8,18849.63092,,8423.539433,"($42,024)","($18,024)","($18,024)","($24,024)","($23,174)",$826 ,$826 ,"($5,174)"
W235,L14416,house,1,1400,0.973,16346.4,232,0.4986,135,287,152,97,0.6105263158,0.4986,,,,,,135,190,116,-120.0404347,160.1063937,160.1063937,0.23,0.6668852632,38971.997,27280.3979,16346.4,10933.9979,,8113.770702,"($41,714)","($17,714)","($17,714)","($23,714)","($30,780)","($6,780)","($6,780)","($12,780)"
W236,L14416,house,2,1995,0.973,23293.62,292,0.6384,224,331,107,68,0.608411215,0.6384,,,,,,224,133.75,210.625,-84.50214809,177.1900272,224,0.10,0.77146,63074.5696,44152.19872,23293.62,20858.57872,,9386.096667,"($42,986)","($18,986)","($18,986)","($24,986)","($22,128)","$1,872 ","$1,872 ","($4,128)"
W237,L14418,apartment,1,760,0.973,8873.76,169,0.2904,100,195,95,69,0.6810526316,0.2904,,,,,,100,118.75,88.125,-75.02527167,107.8789961,107.8789961,0.17,0.7189510526,28309.29699,19816.5079,8873.76,10942.7479,,8747.237807,"($42,347)","($18,347)","($18,347)","($24,347)","($31,404)","($7,404)","($7,404)","($13,404)"
W238,L14418,apartment,2,965,0.973,11267.34,189,0.5397,135,284,149,54,0.3899328859,0.5397,,,,,,135,186.25,116.375,-117.6712156,158.278636,158.278636,0.22,0.6725461074,38854.13338,27197.89337,11267.34,15930.55337,,8182.644306,"($41,783)","($17,783)","($17,783)","($23,783)","($25,852)","($1,852)","($1,852)","($7,852)"
W239,L14418,house,1,1185,0.973,13836.06,289,0.2795,157,320,163,132,0.7478527607,0.2795,,,,,,157,203.75,136.625,-128.7275714,177.8081722,177.8081722,0.20,0.6906374847,44822.36092,31375.65264,13836.06,17539.59264,,8402.756063,"($42,003)","($18,003)","($18,003)","($24,003)","($24,463)",($463),($463),"($6,463)"
W240,L14418,house,2,1340,0.973,15645.84,278,0.389,135,347,212,143,0.6396226415,0.389,,,,,,135,265,108.5,-167.4248168,196.6615492,196.6615492,0.33,0.5873130189,42158.18917,29510.73242,15645.84,13864.89242,,7145.64173,"($40,746)","($16,746)","($16,746)","($22,746)","($26,881)","($2,881)","($2,881)","($8,881)"
W241,L14419,apartment,1,1150,0.973,13427.4,183,0.5753,80,267,187,103,0.5406417112,0.5753,,,,,,80,233.75,56.625,-147.6813242,153.9302344,153.9302344,0.42,0.521156738,29280.94927,20496.66449,13427.4,7069.264492,,6340.740312,"($39,941)","($15,941)","($15,941)","($21,941)","($32,871)","($8,871)","($8,871)","($14,871)"
W242,L14419,apartment,2,2000,0.973,23352,237,0.3123,160,323,163,77,0.4779141104,0.3123,,,,,,160,203.75,139.625,-128.7275714,179.3081722,179.3081722,0.19,0.6964637423,45581.79884,31907.25919,23352,8555.259188,,8473.642198,"($42,074)","($18,074)","($18,074)","($24,074)","($33,518)","($9,518)","($9,518)","($15,518)"
W243,L14419,house,1,1600,0.973,18681.6,297,0.4521,225,406,181,72,0.4182320442,0.4521,,,,,,225,226.25,202.375,-142.942886,222.7747189,225,0.10,0.77146,63356.1525,44349.30675,18681.6,25667.70675,,9386.096667,"($42,986)","($18,986)","($18,986)","($24,986)","($17,318)","$6,682 ","$6,682 ",$682 
W244,L14419,house,2,2150,0.973,25103.4,360,0.5315,170,447,277,190,0.6487364621,0.5315,,,,,,170,346.25,135.375,-218.7578974,253.7629675,253.7629675,0.34,0.5800087004,53722.42608,37605.69826,25103.4,12502.29826,,7056.772521,"($40,657)","($16,657)","($16,657)","($22,657)","($28,154)","($4,154)","($4,154)","($10,154)"
W3,L9531,house,2,2000,0.973,23352,199,0.3123,97,240,143,102,0.6706293706,0.3123,,,,,,97,178.75,79.125,-112.9327774,135.6231204,135.6231204,0.32,0.6004595105,29724.21026,20806.94718,23352,-2545.052817,,7305.590711,"($40,906)","($16,906)","($16,906)","($22,906)","($43,451)","($19,451)","($19,451)","($25,451)"
W31,L4794,house,2,2750,0.973,32109,538,0.6,188,810,622,350,0.5501607717,0.6,,,,,,188,777.5,110.25,-491.2180945,472.9551112,472.9551112,0.47,0.4814105145,83105.23064,58173.66145,32109,26064.66145,,5857.161259,"($39,457)","($15,457)","($15,457)","($21,457)","($13,392)","$10,608 ","$10,608 ","$4,608 "
W32,L4794,apartment,1,1800,0.973,21016.8,288,0.2329,89,390,301,199,0.6289036545,0.2329,,,,,,89,376.25,51.375,-237.7116502,227.8850297,227.8850297,0.47,0.4793307973,39869.79424,27908.85597,21016.8,6892.055968,,5831.858034,"($39,432)","($15,432)","($15,432)","($21,432)","($32,540)","($8,540)","($8,540)","($14,540)"
W33,L4804,apartment,2,3000,0.973,35028,415,0.4082,193,648,455,222,0.4903296703,0.4082,,,,,,193,568.75,136.125,-359.3315643,373.7099286,373.7099286,0.42,0.5200070989,70931.11277,49651.77894,35028,14623.77894,,6326.753037,"($39,927)","($15,927)","($15,927)","($21,927)","($25,303)","($1,303)","($1,303)","($7,303)"
W34,L4804,house,1,2000,0.973,23352,387,0.326,193,600,407,194,0.4813267813,0.326,,,,,,193,508.75,142.125,-321.4240586,344.4658043,344.4658043,0.40,0.5358432187,67371.57783,47160.10448,23352,23808.10448,,6519.425827,"($40,119)","($16,119)","($16,119)","($22,119)","($16,311)","$7,689 ","$7,689 ","$1,689 "
W35,L4804,house,2,2950,0.973,34444.2,575,0.389,192,829,637,383,0.5810047096,0.389,,,,,,192,796.25,112.375,-503.06419,484.0939001,484.0939001,0.47,0.481145259,85015.612,59510.9284,34444.2,25066.7284,,5853.933985,"($39,454)","($15,454)","($15,454)","($21,454)","($14,387)","$9,613 ","$9,613 ","$3,613 "
W55,L11480,house,2,3000,0.973,35028,620,0.2932,195,752,557,425,0.7104129264,0.2932,,,,,,195,696.25,125.375,-439.8850139,436.8536928,436.8536928,0.45,0.4965544165,79176.39515,55423.4766,35028,20395.4766,,6041.412068,"($39,641)","($15,641)","($15,641)","($21,641)","($19,246)","$4,754 ","$4,754 ","($1,246)"
W56,L11480,apartment,1,3000,0.973,35028,235,0.6411,80,469,389,155,0.4187660668,0.6411,,,,,,80,486.25,31.375,-307.208744,276.9992576,276.9992576,0.51,0.4508323136,45581.27891,31906.89524,35028,-3121.104762,,5485.126482,"($39,085)","($15,085)","($15,085)","($21,085)","($42,206)","($18,206)","($18,206)","($24,206)"
W57,L11495,apartment,2,3900,0.973,45536.4,284,0.5041,116,361,245,168,0.6485714286,0.5041,,,,,,116,306.25,85.375,-193.4862269,207.2668846,207.2668846,0.40,0.5356114694,40520.30003,28364.21002,45536.4,-17172.18998,,6516.606211,"($40,117)","($16,117)","($16,117)","($22,117)","($57,289)","($33,289)","($33,289)","($39,289)"
W58,L11495,house,1,2800,0.973,32692.8,355,0.4027,102,799,697,253,0.3903873745,0.4027,,,,,,102,871.25,14.875,-550.4485722,475.6490555,475.6490555,0.53,0.4320558537,75010.03993,52507.02795,32692.8,19814.22795,,5256.679553,"($38,857)","($14,857)","($14,857)","($20,857)","($19,042)","$4,958 ","$4,958 ","($1,042)"
W59,L11495,house,2,3500,0.973,40866,436,0.5068,188,724,536,248,0.4701492537,0.5068,,,,,,188,670,121,-423.3004802,420.5593884,420.5593884,0.45,0.4967622388,76255.07852,53378.55496,40866,12512.55496,,6043.940572,"($39,644)","($15,644)","($15,644)","($21,644)","($27,131)","($3,131)","($3,131)","($9,131)"
W36,L4804,apartment,1,1700,0.973,19849.2,228,0.5205,98,432,334,130,0.4113772455,0.5205,,,,,,98,417.5,56.25,-263.7730604,252.4903652,252.4903652,0.47,0.4786128743,44108.47588,30875.93312,19849.2,11026.73312,,5823.123303,"($39,423)","($15,423)","($15,423)","($21,423)","($28,396)","($4,396)","($4,396)","($10,396)"
W60,L11495,apartment,1,2600,0.973,30357.6,250,0.3699,69,406,337,181,0.5296735905,0.3699,,,,,,69,421.25,26.875,-266.1422795,239.8181229,239.8181229,0.51,0.4505449555,39437.82862,27606.48003,30357.6,-2751.119967,,5481.630292,"($39,082)","($15,082)","($15,082)","($21,082)","($41,833)","($17,833)","($17,833)","($23,833)"
W61,L1734,apartment,2,2695,0.973,31466.82,443,0.2356,265,534,269,178,0.6293680297,0.2356,,,,,,265,336.25,231.375,-212.4399798,296.3889468,296.3889468,0.19,0.6975827881,75465.87717,52826.11402,31466.82,21359.29402,,8487.257255,"($42,087)","($18,087)","($18,087)","($24,087)","($20,728)","$3,272 ","$3,272 ","($2,728)"
W62,L1734,house,1,3000,0.973,35028,343,0.5808,158,706,548,185,0.3700729927,0.5808,,,,,,158,685,89.5,-432.7773566,412.8704195,412.8704195,0.47,0.4770009489,71882.94739,50318.06317,35028,15290.06317,,5803.511545,"($39,404)","($15,404)","($15,404)","($21,404)","($24,113)",($113),($113),"($6,113)"
W63,L1734,house,2,4000,0.973,46704,739,0.0192,306,781,475,433,0.8292631579,0.0192,,,,,,306,593.75,246.625,-375.1263584,442.3949804,442.3949804,0.33,0.5896612842,95215.06518,66650.54563,46704,19946.54563,,7174.212291,"($40,774)","($16,774)","($16,774)","($22,774)","($20,828)","$3,172 ","$3,172 ","($2,828)"
W64,L1734,apartment,1,2295,0.973,26796.42,270,0.4685,100,469,369,170,0.4685636856,0.4685,,,,,,100,461.25,53.875,-291.41395,274.8142058,274.8142058,0.48,0.4715186179,47296.7053,33107.69371,26796.42,6311.273708,,5736.809851,"($39,337)","($15,337)","($15,337)","($21,337)","($33,026)","($9,026)","($9,026)","($15,026)"
W65,L1735,apartment,2,3000,0.973,35028,424,0.3425,270,543,273,154,0.5512820513,0.3425,,,,,,270,341.25,235.875,-215.5989386,301.3259572,301.3259572,0.19,0.6988113187,76858.04616,53800.63231,35028,18772.63231,,8502.204377,"($42,102)","($18,102)","($18,102)","($24,102)","($23,330)",$670 ,$670 ,"($5,330)"
W66,L1735,house,1,3300,0.973,38530.8,980,0.2712,283,1261,978,697,0.6701431493,0.2712,,,,,,283,1222.5,160.75,-772.3654284,737.3490334,737.3490334,0.47,0.4773317178,128465.4295,89925.80062,38530.8,51395.00062,,5807.5359,"($39,408)","($15,408)","($15,408)","($21,408)","$11,987 ","$35,987 ","$35,987 ","$29,987 "
W37,L11419,apartment,1,3000,0.973,35028,337,0.463,87,512,425,250,0.5705882353,0.463,,,,,,87,531.25,33.875,-335.6393733,302.4323509,302.4323509,0.51,0.4505316941,49733.20618,34813.24433,35028,-214.7556719,,5481.468945,"($39,081)","($15,081)","($15,081)","($21,081)","($39,296)","($15,296)","($15,296)","($21,296)"
W38,L11419,apartment,2,3200,0.973,37363.2,154,0.6795,154,480,326,0,0.1,0.6795,,,,,,154,407.5,113.25,-257.4551428,275.6163445,275.6163445,0.40,0.5352706135,53848.20537,37693.74376,37363.2,330.5437601,,6512.459131,"($40,112)","($16,112)","($16,112)","($22,112)","($39,782)","($15,782)","($15,782)","($21,782)"
W39,L11421,apartment,2,4500,0.973,52542,432,0.6822,273,853,580,159,0.3193103448,0.6822,,,,,,273,725,200.5,-458.049027,489.8665024,489.8665024,0.40,0.5347315172,95610.6762,66927.47334,52542,14385.47334,,6505.900126,"($40,106)","($16,106)","($16,106)","($22,106)","($25,720)","($1,720)","($1,720)","($7,720)"
W4,L9531,apartment,1,800,0.973,9340.8,104,0.5699,53,188,135,51,0.4022222222,0.5699,,,,,,53,168.75,36.125,-106.6148597,108.7490997,108.7490997,0.43,0.5100091111,20244.00656,14170.80459,9340.8,4830.004592,,6205.110852,"($39,805)","($15,805)","($15,805)","($21,805)","($34,975)","($10,975)","($10,975)","($16,975)"
W40,L11421,house,1,4500,0.973,52542,200,0.8685,103,807,704,97,0.2102272727,0.8685,,,,,,103,880,15,-555.9767501,480.4138236,480.4138236,0.53,0.4320448864,75759.52258,53031.6658,52542,489.6658036,,5256.546117,"($38,857)","($14,857)","($14,857)","($20,857)","($38,367)","($14,367)","($14,367)","($20,367)"
W41,L11421,house,2,5500,0.973,64218,428,0.5233,200,770,570,228,0.42,0.5233,,,,,,200,712.5,128.75,-450.15163,447.2739765,447.2739765,0.45,0.4968036842,81105.68617,56773.98032,64218,-7444.01968,,6044.444825,"($39,644)","($15,644)","($15,644)","($21,644)","($47,088)","($23,088)","($23,088)","($29,088)"
W42,L11421,apartment,1,3500,0.973,40866,576,0.4603,151,890,739,425,0.5600811908,0.4603,,,,,,151,923.75,58.625,-583.6176396,525.7376643,525.7376643,0.51,0.4504127605,86431.61772,60502.1324,40866,19636.1324,,5480.021919,"($39,080)","($15,080)","($15,080)","($21,080)","($19,444)","$4,556 ","$4,556 ","($1,444)"
W22,L4765,house,1,2700,0.973,31525.2,389,0.5123,202,629,427,187,0.4503512881,0.5123,,,,,,202,533.75,148.625,-337.2188527,361.1508561,361.1508561,0.40,0.5354843794,70587.58434,49411.30904,31525.2,17886.10904,,6515.059949,"($40,115)","($16,115)","($16,115)","($22,115)","($22,229)","$1,771 ","$1,771 ","($4,229)"
W23,L4765,house,2,3200,0.973,37363.2,325,0.8164,195,844,649,130,0.2602465331,0.8164,,,,,,195,811.25,113.875,-512.5410665,492.9049311,492.9049311,0.47,0.4808443297,86508.84755,60556.19329,37363.2,23192.99329,,5850.272678,"($39,450)","($15,450)","($15,450)","($21,450)","($16,257)","$7,743 ","$7,743 ","$1,743 "
W24,L4765,apartment,1,1700,0.973,19849.2,239,0.6767,98,430,332,141,0.4397590361,0.6767,,,,,,98,415,56.5,-262.193581,251.27186,251.27186,0.47,0.4791724096,43946.92806,30762.84964,19849.2,10913.64964,,5829.930984,"($39,430)","($15,430)","($15,430)","($21,430)","($28,516)","($4,516)","($4,516)","($10,516)"
W25,L4770,apartment,1,1600,0.973,18681.6,209,0.5397,94,411,317,115,0.3902208202,0.5397,,,,,,94,396.25,54.375,-250.3474855,240.1330711,240.1330711,0.47,0.4795995268,42036.21316,29425.34921,18681.6,10743.74921,,5835.127576,"($39,435)","($15,435)","($15,435)","($21,435)","($28,691)","($4,691)","($4,691)","($10,691)"
W26,L4770,apartment,2,2100,0.973,24519.6,265,0.4027,130,438,308,135,0.4506493506,0.4027,,,,,,130,385,91.5,-243.2398282,252.6497978,252.6497978,0.42,0.519342987,47892.34375,33524.64062,24519.6,9005.040622,,6318.673009,"($39,919)","($15,919)","($15,919)","($21,919)","($30,914)","($6,914)","($6,914)","($12,914)"
W27,L4770,house,1,1200,0.973,14011.2,435,0.4,162,504,342,273,0.7385964912,0.4,,,,,,162,427.5,119.25,-270.090978,289.3643859,289.3643859,0.40,0.5356794737,56577.39511,39604.17658,14011.2,25592.97658,,6517.433596,"($40,117)","($16,117)","($16,117)","($22,117)","($14,524)","$9,476 ","$9,476 ","$3,476 "
W28,L4770,house,2,2100,0.973,24519.6,487,0.4301,175,755,580,312,0.5303448276,0.4301,,,,,,175,725,102.5,-458.049027,440.8665024,440.8665024,0.47,0.4812437931,77439.95777,54207.97044,24519.6,29688.37044,,5855.132816,"($39,455)","($15,455)","($15,455)","($21,455)","($9,767)","$14,233 ","$14,233 ","$8,233 "
W29,L4794,apartment,2,2500,0.973,29190,231,0.4027,129,431,302,102,0.3701986755,0.4027,,,,,,129,377.5,91.25,-238.5013899,248.4942823,248.4942823,0.42,0.5209493377,47250.3201,33075.22407,29190,3885.224072,,6338.216943,"($39,938)","($15,938)","($15,938)","($21,938)","($36,053)","($12,053)","($12,053)","($18,053)"
W43,L11427,apartment,2,4000,0.973,46704,560,0.3534,218,681,463,342,0.6909287257,0.3534,,,,,,218,578.75,160.125,-365.6494819,391.0839493,391.0839493,0.40,0.5347798488,76337.49258,53436.24481,46704,6732.244808,,6506.488161,"($40,106)","($16,106)","($16,106)","($22,106)","($33,374)","($9,374)","($9,374)","($15,374)"
W30,L4794,house,1,2500,0.973,29190,490,0.2301,186,578,392,304,0.7204081633,0.2301,,,,,,186,490,137,-309.5779631,331.8270154,331.8270154,0.40,0.5359344898,64910.70291,45437.49203,29190,16247.49203,,6520.536293,"($40,121)","($16,121)","($16,121)","($22,121)","($23,873)",$127 ,$127 ,"($5,873)"
W44,L11427,apartment,1,3000,0.973,35028,288,0.4986,109,640,531,179,0.3696798493,0.4986,,,,,,109,663.75,42.625,-419.3517817,378.0131255,378.0131255,0.51,0.4507112429,62186.78945,43530.75262,35028,8502.752618,,5483.653456,"($39,084)","($15,084)","($15,084)","($21,084)","($30,581)","($6,581)","($6,581)","($12,581)"
W45,L11431,apartment,2,5600,0.973,65385.6,373,0.5151,196,612,416,177,0.4403846154,0.5151,,,,,,196,520,144,-328.5317159,351.4490776,351.4490776,0.40,0.5348784615,68613.6278,48029.53946,65385.6,-17356.06054,,6507.687949,"($40,108)","($16,108)","($16,108)","($22,108)","($57,464)","($33,464)","($33,464)","($39,464)"
W46,L11431,house,1,3200,0.973,37363.2,420,0.8712,165,1296,1131,255,0.2803713528,0.8712,,,,,,165,1413.75,23.625,-893.1956027,771.5646797,771.5646797,0.53,0.4319124934,121635.675,85144.97248,37363.2,47781.77248,,5254.935336,"($38,855)","($14,855)","($14,855)","($20,855)","$8,927 ","$32,927 ","$32,927 ","$26,927 "
W47,L11431,house,2,3500,0.973,40866,593,0.5068,268,1032,764,325,0.4403141361,0.5068,,,,,,268,955,172.5,-603.3611322,599.468979,599.468979,0.45,0.4967746073,108697.3528,76088.14698,40866,35222.14698,,6044.091056,"($39,644)","($15,644)","($15,644)","($21,644)","($4,422)","$19,578 ","$19,578 ","$13,578 "
W48,L11431,apartment,1,3400,0.973,39698.4,436,0.2822,106,624,518,330,0.6096525097,0.2822,,,,,,106,647.5,41.25,-409.0851655,368.5928418,368.5928418,0.51,0.4505086873,60609.81121,42426.86785,39698.4,2728.467848,,5481.189028,"($39,081)","($15,081)","($15,081)","($21,081)","($36,353)","($12,353)","($12,353)","($18,353)"
W188,L1882,house,2,1900,0.973,22184.4,568,0.189,227,861,634,341,0.5302839117,0.189,,,,,,227,792.5,147.75,-500.6949709,499.7661423,499.7661423,0.44,0.4990724606,91038.12419,63726.68693,22184.4,41542.28693,,6072.04827,"($39,672)","($15,672)","($15,672)","($21,672)","$1,870 ","$25,870 ","$25,870 ","$19,870 "
W189,L1883,apartment,1,900,0.973,10508.4,318,0.2904,176,440,264,142,0.5303030303,0.2904,,,,,,176,330,143,-208.4912813,248.8426839,248.8426839,0.32,0.59677,54203.17468,37942.22228,10508.4,27433.82228,,7260.701667,"($40,861)","($16,861)","($16,861)","($22,861)","($13,427)","$10,573 ","$10,573 ","$4,573 "
W49,L11434,apartment,2,4200,0.973,49039.2,426,0.5425,210,654,444,216,0.4891891892,0.5425,,,,,,210,555,154.5,-350.6444276,375.5081501,375.5081501,0.40,0.5354543243,73389.62392,51372.73674,49039.2,2333.536745,,6514.694279,"($40,115)","($16,115)","($16,115)","($22,115)","($37,781)","($13,781)","($13,781)","($19,781)"
W190,L1883,apartment,2,1100,0.973,12843.6,538,0.5808,225,1033,808,313,0.4099009901,0.5808,,,,,,225,1010,124,-638.109679,604.776093,604.776093,0.48,0.4738809901,104606.0412,73224.22885,12843.6,60380.62885,,5765.552046,"($39,366)","($15,366)","($15,366)","($21,366)","$21,015 ","$45,015 ","$45,015 ","$39,015 "
W5,L9532,apartment,2,1100,0.973,12843.6,142,0.0822,111,148,37,31,0.7702702703,0.0822,,,,,,111,46.25,106.375,-29.22036897,78.04234584,111,0.10,0.77146,31255.7019,21878.99133,12843.6,9035.39133,,9386.096667,"($42,986)","($18,986)","($18,986)","($24,986)","($33,951)","($9,951)","($9,951)","($15,951)"
W50,L11434,house,1,3000,0.973,35028,621,0.3479,133,1040,907,488,0.530429989,0.3479,,,,,,133,1133.75,19.625,-716.2939095,619.0920994,619.0920994,0.53,0.4321494928,97652.22293,68356.55605,35028,33328.55605,,5257.818829,"($38,858)","($14,858)","($14,858)","($20,858)","($5,529)","$18,471 ","$18,471 ","$12,471 "
W51,L11434,house,2,3900,0.973,45536.4,535,0.4767,231,888,657,304,0.4701674277,0.4767,,,,,,231,821.25,148.875,-518.8589841,515.7789519,515.7789519,0.45,0.4970319178,93570.88959,65499.62271,45536.4,19963.22271,,6047.221667,"($39,647)","($15,647)","($15,647)","($21,647)","($19,684)","$4,316 ","$4,316 ","($1,684)"
W212,L12260,house,2,1480,0.973,17280.48,249,0.4411,175,310,135,74,0.5385185185,0.4411,,,,,,175,168.75,158.125,-106.6148597,169.7490997,175,0.10,0.77146,49277.0075,34493.90525,17280.48,17213.42525,,9386.096667,"($42,986)","($18,986)","($18,986)","($24,986)","($25,773)","($1,773)","($1,773)","($7,773)"
W213,L12264,apartment,1,650,0.973,7589.4,107,0.4795,80,156,76,27,0.3842105263,0.4795,,,,,,80,95,70.5,-60.02021734,86.30319687,86.30319687,0.17,0.7189510526,22647.43759,15853.20632,7589.4,8263.806316,,8747.237807,"($42,347)","($18,347)","($18,347)","($24,347)","($34,083)","($10,083)","($10,083)","($16,083)"
W214,L12264,apartment,2,920,0.973,10741.92,147,0.4137,108,205,97,39,0.4216494845,0.4137,,,,,,108,121.25,95.875,-76.60475107,113.0975013,113.0975013,0.14,0.7381885567,30472.85765,21331.00035,10741.92,10589.08035,,8981.294107,"($42,581)","($18,581)","($18,581)","($24,581)","($31,992)","($7,992)","($7,992)","($13,992)"
W215,L12264,house,1,880,0.973,10274.88,246,0.4438,145,333,188,101,0.529787234,0.4438,,,,,,145,235,121.5,-148.4710639,187.039487,187.039487,0.28,0.6298853191,43001.90084,30101.33059,10274.88,19826.45059,,7663.604716,"($41,264)","($17,264)","($17,264)","($23,264)","($21,437)","$2,563 ","$2,563 ","($3,437)"
W216,L12264,house,2,1200,0.973,14011.2,169,0.6192,160,310,150,9,0.148,0.6192,,,,,,160,187.5,141.25,-118.4609553,171.3878886,171.3878886,0.16,0.723394,45253.05414,31677.1379,14011.2,17665.9379,,8801.293667,"($42,401)","($18,401)","($18,401)","($24,401)","($24,735)",($735),($735),"($6,735)"
W217,L16888,apartment,1,1000,0.973,11676,174,0.5479,95,280,185,79,0.4416216216,0.5479,,,,,,95,231.25,71.875,-146.1018448,160.2117292,160.2117292,0.38,0.5482878378,32062.38205,22443.66744,11676,10767.66744,,6670.83536,"($40,271)","($16,271)","($16,271)","($22,271)","($29,503)","($5,503)","($5,503)","($11,503)"
W233,L14416,apartment,1,1165,0.973,13602.54,180,0.3425,135,220,85,45,0.5235294118,0.3425,,,,,,135,106.25,124.375,-67.12787465,119.2864702,135,0.10,0.77146,38013.6915,26609.58405,13602.54,13007.04405,,9386.096667,"($42,986)","($18,986)","($18,986)","($24,986)","($29,979)","($5,979)","($5,979)","($11,979)"
W52,L11434,apartment,1,3600,0.973,42033.6,196,0.7781,137,808,671,59,0.170342772,0.7781,,,,,,137,838.75,53.125,-529.9153399,477.3084881,477.3084881,0.51,0.4503629657,78461.15419,54922.80793,42033.6,12889.20793,,5479.416083,"($39,079)","($15,079)","($15,079)","($21,079)","($26,190)","($2,190)","($2,190)","($8,190)"
W234,L14416,apartment,2,1625,0.973,18973.5,260,0.6,220,312,92,40,0.447826087,0.6,,,,,,220,115,208.5,-72.65605257,166.0512383,220,0.10,0.77146,61948.238,43363.7666,18973.5,24390.2666,,9386.096667,"($42,986)","($18,986)","($18,986)","($24,986)","($18,596)","$5,404 ","$5,404 ",($596)
W53,L11480,apartment,2,3500,0.973,40866,294,0.3973,155,483,328,139,0.4390243902,0.3973,,,,,,155,410,114,-259.0346222,277.3348496,277.3348496,0.40,0.5353239024,54189.35051,37932.54535,40866,-2933.454646,,6513.10748,"($40,113)","($16,113)","($16,113)","($22,113)","($43,047)","($19,047)","($19,047)","($25,047)"
W54,L11480,house,1,2500,0.973,29190,471,0.6,111,868,757,360,0.4804491413,0.6,,,,,,111,946.25,16.375,-597.8329543,516.7042109,516.7042109,0.53,0.4321476486,81501.76606,57051.23625,29190,27861.23625,,5257.796391,"($38,858)","($14,858)","($14,858)","($20,858)","($10,997)","$13,003 ","$13,003 ","$7,003 "
W6,L9532,house,1,900,0.973,10508.4,141,0.5479,116,296,180,25,0.2111111111,0.5479,,,,,,116,225,93.5,-142.1531463,167.6654663,167.6654663,0.33,0.5897353333,36090.56112,25263.39278,10508.4,14754.99278,,7175.113222,"($40,775)","($16,775)","($16,775)","($22,775)","($26,020)","($2,020)","($2,020)","($8,020)"
W67,L1735,house,2,4500,0.973,52542,994,0.4301,530,1354,824,464,0.5504854369,0.4301,,,,,,530,1030,427,-650.7455143,767.0241344,767.0241344,0.33,0.5893426214,164994.6051,115496.2236,52542,62954.22359,,7170.335227,"($40,770)","($16,770)","($16,770)","($22,770)","$22,184 ","$46,184 ","$46,184 ","$40,184 "
W68,L1735,apartment,1,2700,0.973,31525.2,284,0.6055,103,483,380,181,0.4810526316,0.6055,,,,,,103,475,55.5,-300.1010867,283.0159843,283.0159843,0.48,0.4715344211,48709.89909,34096.92936,31525.2,2571.729361,,5737.002123,"($39,337)","($15,337)","($15,337)","($21,337)","($36,765)","($12,765)","($12,765)","($18,765)"
W69,L1736,apartment,1,2700,0.973,31525.2,236,0.5671,110,515,405,126,0.3488888889,0.5671,,,,,,110,506.25,59.375,-319.8445792,301.7472991,301.7472991,0.48,0.4717092593,51953.00315,36367.10221,31525.2,4841.902206,,5739.129321,"($39,339)","($15,339)","($15,339)","($21,339)","($34,497)","($10,497)","($10,497)","($16,497)"
W7,L9532,house,2,1100,0.973,12843.6,188,0.6192,136,335,199,52,0.3090452261,0.6192,,,,,,136,248.75,111.125,-157.1582007,189.2412655,189.2412655,0.31,0.6020725126,41586.99193,29110.89435,12843.6,16267.29435,,7325.21557,"($40,925)","($16,925)","($16,925)","($22,925)","($24,658)",($658),($658),"($6,658)"
W70,L1736,apartment,2,3000,0.973,35028,329,0.7041,270,544,274,59,0.2722627737,0.7041,,,,,,270,342.5,235.75,-216.3886783,301.9352098,301.9352098,0.19,0.6976686861,76887.5205,53821.26435,35028,18793.26435,,8488.302348,"($42,088)","($18,088)","($18,088)","($24,088)","($23,295)",$705 ,$705 ,"($5,295)"
W71,L1736,house,1,4500,0.973,52542,549,0.4438,231,1027,796,318,0.4195979899,0.4438,,,,,,231,995,131.5,-628.6328026,600.4650619,600.4650619,0.47,0.4775960302,104674.6014,73272.22097,52542,20730.22097,,5810.7517,"($39,411)","($15,411)","($15,411)","($21,411)","($18,681)","$5,319 ","$5,319 ",($681)
W72,L1736,house,2,4900,0.973,57212.4,652,0.4466,379,969,590,273,0.4701694915,0.4466,,,,,,379,737.5,305.25,-465.9464241,548.9590283,548.9590283,0.33,0.5890795593,118033.898,82623.7286,57212.4,25411.3286,,7167.134638,"($40,767)","($16,767)","($16,767)","($22,767)","($15,356)","$8,644 ","$8,644 ","$2,644 "
W73,L1737,apartment,2,3300,0.973,38530.8,378,0.4219,264,532,268,114,0.4402985075,0.4219,,,,,,264,335,230.5,-211.6502401,295.2796942,295.2796942,0.19,0.6975652239,75181.54879,52627.08415,38530.8,14096.28415,,8487.043557,"($42,087)","($18,087)","($18,087)","($24,087)","($27,991)","($3,991)","($3,991)","($9,991)"
W74,L1737,house,1,4500,0.973,52542,255,0.5918,151,673,522,104,0.2593869732,0.5918,,,,,,151,652.5,85.75,-412.2441243,393.5298522,393.5298522,0.47,0.477301954,68558.8871,47991.22097,52542,-4550.779029,,5807.173774,"($39,407)","($15,407)","($15,407)","($21,407)","($43,958)","($19,958)","($19,958)","($25,958)"
W75,L1737,house,2,4200,0.973,49039.2,441,0.5726,278,711,433,163,0.4011547344,0.5726,,,,,,278,541.25,223.875,-341.9572909,402.8063716,402.8063716,0.33,0.5889717552,86593.17513,60615.22259,49039.2,11576.02259,,7165.823022,"($40,766)","($16,766)","($16,766)","($22,766)","($29,190)","($5,190)","($5,190)","($11,190)"
W76,L1737,apartment,1,2500,0.973,29190,356,0.4247,98,460,362,258,0.6701657459,0.4247,,,,,,98,452.5,52.75,-285.885772,269.5494377,269.5494377,0.48,0.4714285635,46381.75604,32467.22923,29190,3277.229228,,5735.71419,"($39,336)","($15,336)","($15,336)","($21,336)","($36,058)","($12,058)","($12,058)","($18,058)"
W77,L1738,apartment,1,2500,0.973,29190,437,0.0795,108,507,399,329,0.7596491228,0.0795,,,,,,108,498.75,58.125,-315.106141,297.0917835,297.0917835,0.48,0.4714154135,51119.58079,35783.70655,29190,6593.706553,,5735.554198,"($39,336)","($15,336)","($15,336)","($21,336)","($32,742)","($8,742)","($8,742)","($14,742)"
W78,L1738,apartment,2,3300,0.973,38530.8,461,0.3178,270,543,273,191,0.6597069597,0.3178,,,,,,270,341.25,235.875,-215.5989386,301.3259572,301.3259572,0.19,0.6988113187,76858.04616,53800.63231,38530.8,15269.83231,,8502.204377,"($42,102)","($18,102)","($18,102)","($24,102)","($26,832)","($2,832)","($2,832)","($8,832)"
W79,L1738,house,1,4500,0.973,52542,669,0.3123,186,829,643,483,0.700933126,0.3123,,,,,,186,803.75,105.625,-507.8026283,484.7494156,484.7494156,0.47,0.4773010109,84450.55592,59115.38915,52542,6573.389146,,5807.162299,"($39,407)","($15,407)","($15,407)","($21,407)","($32,834)","($8,834)","($8,834)","($14,834)"
W8,L9532,apartment,1,500,0.973,5838,121,0.3973,50,174,124,71,0.5580645161,0.3973,,,,,,50,155,34.5,-97.92772302,100.5473212,100.5473212,0.43,0.5133751613,18840.75149,13188.52604,5838,7350.526045,,6246.064462,"($39,846)","($15,846)","($15,846)","($21,846)","($32,496)","($8,496)","($8,496)","($14,496)"
W80,L1738,house,2,4200,0.973,49039.2,437,0.611,319,815,496,118,0.2903225806,0.611,,,,,,319,620,257,-391.7108921,461.6892848,461.6892848,0.33,0.5893240323,99310.87571,69517.61299,49039.2,20478.41299,,7170.109059,"($40,770)","($16,770)","($16,770)","($22,770)","($20,292)","$3,708 ","$3,708 ","($2,292)"
W81,L1940,apartment,2,3600,0.973,42033.6,663,0.2329,332,805,473,331,0.6598308668,0.2329,,,,,,332,591.25,272.875,-373.5468789,454.1764752,454.1764752,0.31,0.607924334,100778.2999,70544.80993,42033.6,28511.20993,,7396.412731,"($40,996)","($16,996)","($16,996)","($22,996)","($12,485)","$11,515 ","$11,515 ","$5,515 "
W82,L1940,house,1,4000,0.973,46704,337,0.5068,179,629,450,158,0.3808888889,0.5068,,,,,,179,562.5,122.75,-355.3828658,363.6636657,363.6636657,0.43,0.5116505333,67915.0786,47540.55502,46704,836.5550184,,6225.081489,"($39,825)","($15,825)","($15,825)","($21,825)","($38,989)","($14,989)","($14,989)","($20,989)"
W83,L1940,house,2,5500,0.973,64218,447,0.6164,227,813,586,220,0.4003412969,0.6164,,,,,,227,732.5,153.75,-462.7874653,470.5220179,470.5220179,0.43,0.5083564846,87305.41543,61113.7908,64218,-3104.209199,,6185.003896,"($39,785)","($15,785)","($15,785)","($21,785)","($42,889)","($18,889)","($18,889)","($24,889)"
W84,L1940,apartment,1,3000,0.973,35028,610,0.1014,115,650,535,495,0.8401869159,0.1014,,,,,,115,668.75,48.125,-422.5107405,383.4501358,383.4501358,0.50,0.4537756075,63510.11619,44457.08133,35028,9429.081332,,5520.936558,"($39,121)","($15,121)","($15,121)","($21,121)","($29,692)","($5,692)","($5,692)","($11,692)"
W85,L1941,apartment,2,4000,0.973,46704,302,0.3151,220,534,314,82,0.3089171975,0.3151,,,,,,220,392.5,180.75,-247.9782664,301.3053134,301.3053134,0.31,0.6075236306,66813.28573,46769.30001,46704,65.30001058,,7391.537505,"($40,992)","($16,992)","($16,992)","($22,992)","($40,926)","($16,926)","($16,926)","($22,926)"
W86,L1941,house,1,4000,0.973,46704,213,0.6521,128,450,322,85,0.3111801242,0.6521,,,,,,128,402.5,87.75,-254.296184,260.1793341,260.1793341,0.43,0.5115675155,48581.24287,34006.87001,46704,-12697.12999,,6224.071439,"($39,824)","($15,824)","($15,824)","($21,824)","($52,521)","($28,521)","($28,521)","($34,521)"
W87,L1941,house,2,5000,0.973,58380,364,0.5123,152,546,394,212,0.5304568528,0.5123,,,,,,152,492.5,102.75,-311.1574425,316.0455206,316.0455206,0.43,0.5078546701,58584.39566,41009.07696,58380,-17370.92304,,6178.898486,"($39,779)","($15,779)","($15,779)","($21,779)","($57,150)","($33,150)","($33,150)","($39,150)"
W88,L1941,apartment,1,3200,0.973,37363.2,251,0.6274,94,528,434,157,0.3894009217,0.6274,,,,,,94,542.5,39.75,-342.7470306,311.4156242,311.4156242,0.50,0.4542936866,51638.06548,36146.64584,37363.2,-1216.554164,,5527.239854,"($39,127)","($15,127)","($15,127)","($21,127)","($40,344)","($16,344)","($16,344)","($22,344)"
W89,L1942,apartment,2,3500,0.973,40866,343,0.3973,194,471,277,149,0.5303249097,0.3973,,,,,,194,346.25,159.375,-218.7578974,265.7629675,265.7629675,0.31,0.6074362816,58923.4351,41246.40457,40866,380.4045727,,7390.474759,"($40,990)","($16,990)","($16,990)","($22,990)","($40,610)","($16,610)","($16,610)","($22,610)"
W9,L9533,apartment,1,965,0.973,11267.34,125,0.3753,50,174,124,75,0.5838709677,0.3753,,,,,,50,155,34.5,-97.92772302,100.5473212,100.5473212,0.43,0.5133751613,18840.75149,13188.52604,11267.34,1921.186045,,6246.064462,"($39,846)","($15,846)","($15,846)","($21,846)","($37,925)","($13,925)","($13,925)","($19,925)"
W90,L1942,house,1,3200,0.973,37363.2,251,0.3342,138,485,347,113,0.360518732,0.3342,,,,,,138,433.75,94.625,-274.0396765,280.4106489,280.4106489,0.43,0.5116241787,52364.67679,36655.27375,37363.2,-707.9262491,,6224.760841,"($39,825)","($15,825)","($15,825)","($21,825)","($40,533)","($16,533)","($16,533)","($22,533)"
W91,L1942,house,2,3500,0.973,40866,404,0.3616,152,547,395,252,0.6103797468,0.3616,,,,,,152,493.75,102.625,-311.9471822,316.6547732,316.6547732,0.43,0.5075454937,58661.59666,41063.11766,40866,197.1176626,,6175.13684,"($39,775)","($15,775)","($15,775)","($21,775)","($39,578)","($15,578)","($15,578)","($21,578)"
W92,L1942,apartment,1,3000,0.973,35028,161,0.2658,77,432,355,84,0.2892957746,0.2658,,,,,,77,443.75,32.625,-280.3575941,254.7846696,254.7846696,0.50,0.4543923099,42256.851,29579.7957,35028,-5448.204299,,5528.43977,"($39,128)","($15,128)","($15,128)","($21,128)","($44,577)","($20,577)","($20,577)","($26,577)"
W93,L1943,apartment,1,2600,0.973,30357.6,408,0.3863,100,565,465,308,0.6298924731,0.3863,,,,,,100,581.25,41.875,-367.2289613,333.3024545,333.3024545,0.50,0.4538074194,55208.12126,38645.68488,30357.6,8288.084884,,5521.323602,"($39,121)","($15,121)","($15,121)","($21,121)","($30,833)","($6,833)","($6,833)","($12,833)"
W94,L1943,apartment,2,4000,0.973,46704,284,0.3151,204,494,290,80,0.3206896552,0.3151,,,,,,204,362.5,167.75,-229.0245135,278.6832512,278.6832512,0.31,0.6084135862,61887.45684,43321.21979,46704,-3382.780211,,7402.365299,"($41,002)","($17,002)","($17,002)","($23,002)","($44,385)","($20,385)","($20,385)","($26,385)"
W95,L1943,house,1,4000,0.973,46704,443,0.5562,257,903,646,186,0.3303405573,0.5562,,,,,,257,807.5,176.25,-510.1718474,522.0771734,522.0771734,0.43,0.5116679567,97502.50859,68251.75601,46704,21547.75601,,6225.293473,"($39,825)","($15,825)","($15,825)","($21,825)","($18,278)","$5,722 ","$5,722 ",($278)
W96,L1943,house,2,5100,0.973,59547.6,718,0.4493,256,916,660,462,0.66,0.4493,,,,,,256,825,173.5,-521.2282032,530.1067096,530.1067096,0.43,0.5085169091,98392.4023,68874.68161,59547.6,9327.081607,,6186.955727,"($39,787)","($15,787)","($15,787)","($21,787)","($30,460)","($6,460)","($6,460)","($12,460)"
W97,L1944,apartment,2,5600,0.973,65385.6,478,0.3178,265,644,379,213,0.5496042216,0.3178,,,,,,265,473.75,217.625,-299.311347,363.4067317,363.4067317,0.31,0.6070714248,80524.05248,56366.83674,65385.6,-9018.763261,,7386.035668,"($40,986)","($16,986)","($16,986)","($22,986)","($50,005)","($26,005)","($26,005)","($32,005)"
W98,L1944,house,1,5000,0.973,58380,533,0.5123,236,829,593,297,0.5006745363,0.5123,,,,,,236,741.25,161.875,-468.3156432,479.2867861,479.2867861,0.43,0.5117134064,89518.97799,62663.28459,58380,4283.284594,,6225.846445,"($39,826)","($15,826)","($15,826)","($21,826)","($35,543)","($11,543)","($11,543)","($17,543)"
W99,L1944,house,2,6000,0.973,70056,566,0.3699,244,872,628,322,0.5101910828,0.3699,,,,,,244,785,165.5,-495.9565327,504.6106267,504.6106267,0.43,0.5087246497,93698.37047,65588.85933,70056,-4467.140668,,6189.483238,"($39,789)","($15,789)","($15,789)","($21,789)","($44,257)","($20,257)","($20,257)","($26,257)"