,key ,Inputs from Database,Calculated Final Values,Calculated Intermediate Values,,,,,,Range Given:,,,Chart/Scatter Plot --- normalized values on x axis,y axis values,,                       Normalized Data Best-fit Line Parameters:,Slope Beta ,Y-Intercept Alpha,                                                                                    Transaction Fees:,30%,"Note: if ""optimal rent"" is less than this value, use this value",,,,,"Use MS ""If"" statement ",,,0.77146,
,,,,Long Term (LT) ,0.973,=(Monthly Rent*12)*(LT Occupancy Rate)),Short Term (ST),,,0.8,,,[(Range*(Example Rent  $ minus $ 10th)) / ($ 90th minus $ 10th)] + .1,Repeat earlier column for convenience ,,,-0.7914,0.8506,=365*(variable cell dollars per night)*(Model forecast occupancy rate) ,= (Revenues Before Transaction fees)*(1 minus transaction  fees) ,Repeat for Convenience,Interim Result 1,Interim Result 2,Interim Result 3,=[(Beta*Interim result 2)/(Interim result 1)) - Alpha] * [Interim result 3],"If(Optimal $ Rent > 10th Percentile $ Rent, Optimal rent, else 10th percentile Rent) ",' ((Correct $ rent) minus (Interim Result 2)) /  (Interim Result 1) ,=((Beta)*(Rent Normalized to Percentile) + Alpha) ,=(correct $ Rent)*(Forecast Occupancy Rate) ,=(Forecast ST Revenues)*(1 minus transaction  fees) 
Watershed property ID ,location ID ,property type (Apartment or House) ,Number of Bedrooms (1 or 2) ,LT - Monthly Rent,LT occupancy rate,LT Annual Revenues,ST Example $ Rent ,ST Example Occupancy Rate,ST -  $ 10th percentile rent,ST - $ 90th percentile rent,$ 90th minus $ 10th ,Example $ Rent minus $ 10th ,ST Example Nightly Rent Normalized to Percentile,ST Example Occupancy Rate," SOLVER  ""Variable Cell"" - Rent in Dollars per Night (ST) ","Correct $ Rent, given constraint that rent must be >= 10th percentile",Dollars Normalized to Percentile ,Model forecast occupancy = (Beta*( Dollars Normalized to Percentile)) + Alpha ,"SOLVER ""Objective""-  Forecast ST Annual Revenues Before Transaction Fees",Forecast ST Annual Revenues After Transaction Fees,10th Percentile $ Rent ,1.25*($ 90th - $ 10th),$ 10th - (($ 90th - $ 10th)/8)) ,1.25*($ 90th - $ 10th)/(2*beta),Optimal Rent,"Correct $ Rent, given constraint that rent must be >= 10th percentile",Correct Rent Normalized to Percentile,Correct Forecast Occupancy Rate ,Forecast ST Revenues Before Transaction Fees,Forecast ST Revenues After Transaction Fees
W1,L9531,apartment,2,1060,0.973,12376.56,148,0.1616,114,153,39,34,0.7974358974,0.1616,100,,,,,,114,48.75,109.125,-19.290375,50.58164842,114,0.1,0.77146,87.94644,61.562508
W10,L9533,apartment,2,1200,0.973,14011.2,133,0.3479,111,149,38,22,0.5631578947,0.3479,100,,,,,,111,47.5,106.25,-18.79575,49.26059408,111,0.1,0.77146,85.63206,59.942442
W100,L1944,apartment,1,3300,0.973,38530.8,372,0.3973,108,610,502,264,0.5207171315,0.3973,100,,,,,,108,627.5,45.25,-248.30175,225.3758219,225.3758219,0.2870531026,0.6234261746,140.5051865,98.35363054
W101,L15257,apartment,1,1400,0.973,16346.4,302,0.3644,178,533,355,124,0.3794366197,0.3644,100,,,,,,178,443.75,133.625,-175.591875,191.2040503,191.2040503,0.1297556064,0.7479114131,143.0036915,100.102584
W102,L15257,apartment,2,2000,0.973,23352,429,0.411,221,617,396,208,0.5202020202,0.411,100,,,,,,221,495,171.5,-195.8715,220.31472,221,0.1,0.77146,170.49266,119.344862
W103,L15257,house,1,1600,0.973,18681.6,380,0.411,202,646,444,178,0.4207207207,0.411,100,,,,,,202,555,146.5,-219.6135,232.6807407,232.6807407,0.1552806138,0.7277109222,169.3243164,118.5270215
W104,L15257,house,2,2800,0.973,32692.8,374,0.526,197,639,442,177,0.420361991,0.526,100,,,,,,197,552.5,141.75,-218.62425,230.351789,230.351789,0.1603652289,0.7236869579,166.7025854,116.6918098
W105,L15260,apartment,1,1100,0.973,12843.6,386,0.4329,114,477,363,272,0.6994490358,0.4329,100,,,,,,114,453.75,68.625,-179.548875,174.2146708,174.2146708,0.2327045087,0.6664376518,116.1032161,81.2722513
W106,L15260,apartment,2,1900,0.973,22184.4,212,0.6959,80,583,503,132,0.3099403579,0.6959,100,,,,,,80,628.75,17.125,-248.796375,216.9890099,216.9890099,0.3178751648,0.5990335946,129.9837066,90.98859459
W107,L15260,house,1,1800,0.973,21016.8,969,0.1096,239,1431,1192,730,0.5899328859,0.1096,100,,,,,,239,1490,90,-589.593,529.691934,529.691934,0.2950952577,0.617061613,326.8525592,228.7967914
W108,L15260,house,2,3200,0.973,37363.2,885,0.2247,236,1533,1297,649,0.500308404,0.2247,100,,,,,,236,1621.25,73.875,-641.528625,568.8187203,568.8187203,0.3052852554,0.6089972489,346.4090358,242.486325
W109,L15264,apartment,1,1000,0.973,11676,287,0.2192,138,550,412,149,0.3893203883,0.2192,100,,,,,,138,515,86.5,-203.7855,200.4280251,200.4280251,0.2212194662,0.6755269145,135.3945254,94.77616775
W11,L9533,house,1,1000,0.973,11676,206,0.3918,116,296,180,90,0.5,0.3918,100,,,,,,116,225,93.5,-89.0325,105.0112221,116,0.1,0.77146,89.48936,62.642552
W110,L15264,apartment,2,1300,0.973,15178.8,462,0.537,175,917,742,287,0.4094339623,0.537,100,,,,,,175,927.5,82.25,-367.01175,337.9373562,337.9373562,0.2756736994,0.6324318343,213.722342,149.6056394
W111,L15264,house,1,1200,0.973,14011.2,389,0.5123,130,821,691,259,0.3998552822,0.5123,100,,,,,,130,863.75,43.625,-341.785875,304.3845385,304.3845385,0.3018923746,0.6116823748,186.1866574,130.3306602
W112,L15264,house,2,1600,0.973,18681.6,678,0.3616,241,866,625,437,0.65936,0.3616,100,,,,,,241,781.25,162.875,-309.140625,313.9604587,313.9604587,0.1933893872,0.697551639,219.0036326,153.3025428
W113,L15278,apartment,1,800,0.973,9340.8,163,0.8438,134,288,154,29,0.2506493506,0.8438,100,,,,,,134,192.5,114.75,-76.17225,100.7268793,134,0.1,0.77146,103.37564,72.362948
W114,L15278,apartment,2,1200,0.973,14011.2,374,0.9151,234,794,560,140,0.3,0.9151,100,,,,,,234,700,164,-276.99,286.9654387,286.9654387,0.1756649125,0.7115787883,204.1985192,142.9389634
W115,L15278,house,1,900,0.973,10508.4,444,0.4301,252,547,295,192,0.6206779661,0.4301,100,,,,,,252,368.75,215.125,-145.914375,191.4826627,252,0.1,0.77146,194.40792,136.085544
W116,L15278,house,2,1100,0.973,12843.6,426,0.4822,246,616,370,180,0.4891891892,0.4822,100,,,,,,246,462.5,199.75,-183.01125,218.222476,246,0.1,0.77146,189.77916,132.845412
W117,L15280,apartment,1,1000,0.973,11676,332,0.4904,171,457,286,161,0.5503496503,0.4904,100,,,,,,171,357.5,135.25,-141.46275,162.6826967,171,0.1,0.77146,131.91966,92.343762
W118,L15280,apartment,2,1400,0.973,16346.4,430,0.5233,262,567,305,168,0.5406557377,0.5233,100,,,,,,262,381.25,223.875,-150.860625,198.4300665,262,0.1,0.77146,202.12252,141.485764
W119,L15280,house,1,1500,0.973,17514,662,0.4493,229,859,630,433,0.6498412698,0.4493,100,,,,,,229,787.5,150.25,-311.61375,312.110492,312.110492,0.2055371327,0.6879379132,214.7126405,150.2988484
W12,L9533,house,2,1300,0.973,15178.8,186,0.6603,136,336,200,50,0.3,0.6603,100,,,,,,136,250,111,-98.925,118.9060298,136,0.1,0.77146,104.91856,73.442992
W120,L15280,house,2,1600,0.973,18681.6,696,0.4877,449,899,450,247,0.5391111111,0.4877,100,,,,,,449,562.5,392.75,-222.58125,312.3200151,449,0.1,0.77146,346.38554,242.469878
W121,L463,apartment,1,600,0.973,7005.6,182,0.4384,132,226,94,50,0.5255319149,0.4384,100,,,,,,132,117.5,120.25,-46.49475,77.2055612,132,0.1,0.77146,101.83272,71.282904
W122,L463,apartment,2,800,0.973,9340.8,241,0.5315,157,340,183,84,0.4672131148,0.5315,100,,,,,,157,228.75,134.125,-90.516375,118.9954085,157,0.1,0.77146,121.11922,84.783454
W123,L463,house,1,700,0.973,8173.2,363,0.1397,215,377,162,148,0.8308641975,0.1397,100,,,,,,215,202.5,194.75,-80.12925,129.1452619,215,0.1,0.77146,165.8639,116.10473
W124,L463,house,2,1000,0.973,11676,301,0.4685,202,374,172,99,0.5604651163,0.4685,100,,,,,,202,215,180.5,-85.0755,128.8900552,202,0.1,0.77146,155.83492,109.084444
W125,L464,apartment,1,700,0.973,8173.2,212,0.5014,94,356,262,118,0.4603053435,0.5014,100,,,,,,94,327.5,61.25,-129.59175,129.4116076,129.4116076,0.208127046,0.6858882558,88.7619018,62.13333126
W126,L464,apartment,2,900,0.973,10508.4,340,0.3068,69,485,416,271,0.6211538462,0.3068,100,,,,,,69,520,17,-205.764,180.3465271,180.3465271,0.3141279367,0.6019991509,108.5684562,75.99791931
W127,L464,house,1,1000,0.973,11676,266,0.5205,84,376,292,182,0.598630137,0.5205,100,,,,,,84,365,47.5,-144.4305,137.7275399,137.7275399,0.2471987393,0.6549669177,90.20698226,63.14488758
W128,L464,house,2,1200,0.973,14011.2,442,0.1288,109,490,381,333,0.7992125984,0.1288,100,,,,,,109,476.25,61.375,-188.452125,179.5173872,179.5173872,0.2480680046,0.6542789812,117.4544532,82.21811723
W129,L2314,apartment,1,1200,0.973,14011.2,354,0.2411,145,434,289,209,0.6785467128,0.2411,100,,,,,,145,361.25,108.875,-142.946625,155.6853654,155.6853654,0.1295788662,0.7480512853,116.4606377,81.52244639
W13,L9534,apartment,2,920,0.973,10741.92,123,0.4521,111,147,36,12,0.3666666667,0.4521,100,,,,,,111,45,106.5,-17.8065,48.49742727,111,0.1,0.77146,85.63206,59.942442
W130,L2314,apartment,2,1300,0.973,15178.8,377,0.4795,228,457,229,149,0.6205240175,0.4795,100,,,,,,228,286.25,199.375,-113.269125,158.7823906,228,0.1,0.77146,175.89288,123.125016
W131,L2314,house,1,1100,0.973,12843.6,318,0.2712,90,375,285,228,0.74,0.2712,100,,,,,,90,356.25,54.375,-140.968125,136.9353979,136.9353979,0.2317484854,0.6671942487,91.36250993,63.95375695
W132,L2314,house,2,1200,0.973,14011.2,198,0.4301,128,238,110,70,0.6090909091,0.4301,100,,,,,,128,137.5,114.25,-54.40875,82.05826772,128,0.1,0.77146,98.74688,69.122816
W133,L2318,apartment,1,1300,0.973,15178.8,149,0.5671,126,188,62,23,0.3967741935,0.5671,100,,,,,,126,77.5,118.25,-30.66675,63.11595044,126,0.1,0.77146,97.20396,68.042772
W134,L2318,apartment,2,1700,0.973,19849.2,210,0.3205,152,247,95,58,0.5884210526,0.3205,100,,,,,,152,118.75,140.125,-46.989375,83.8502842,152,0.1,0.77146,117.26192,82.083344
W135,L2318,house,1,1200,0.973,14011.2,187,0.4493,141,263,122,46,0.4016393443,0.4493,100,,,,,,141,152.5,125.75,-60.34425,90.70830929,141,0.1,0.77146,108.77586,76.143102
W136,L2318,house,2,1900,0.973,22184.4,225,0.5096,157,314,157,68,0.4464968153,0.5096,100,,,,,,157,196.25,137.375,-77.656125,109.0742401,157,0.1,0.77146,121.11922,84.783454
W137,L2323,apartment,1,1000,0.973,11676,123,0.7205,93,159,66,30,0.4636363636,0.7205,100,,,,,,93,82.5,84.75,-32.64525,54.30810371,93,0.1,0.77146,71.74578,50.222046
W138,L2323,apartment,2,1500,0.973,17514,263,0.4959,145,462,317,118,0.3977917981,0.4959,100,,,,,,145,396.25,105.375,-156.796125,166.3697007,166.3697007,0.153929844,0.7287799214,121.2468974,84.87282818
W139,L2323,house,1,1300,0.973,15178.8,238,0.4493,181,316,135,57,0.4377777778,0.4493,100,,,,,,181,168.75,164.125,-66.774375,108.1951727,181,0.1,0.77146,139.63426,97.743982
W14,L9534,house,1,850,0.973,9924.6,146,0.5315,96,245,149,50,0.3684563758,0.5315,100,,,,,,96,186.25,77.375,-73.699125,86.91899705,96,0.1,0.77146,74.06016,51.842112
W140,L2323,house,2,1800,0.973,21016.8,349,0.1507,145,412,267,204,0.7112359551,0.1507,100,,,,,,145,333.75,111.625,-132.064875,147.2905306,147.2905306,0.1068630129,0.7660286116,112.8287606,78.98013244
W141,L2325,apartment,1,1100,0.973,12843.6,147,0.6,99,215,116,48,0.4310344828,0.6,100,,,,,,99,145,84.5,-57.3765,75.26621571,99,0.1,0.77146,76.37454,53.462178
W142,L2325,apartment,2,1400,0.973,16346.4,151,0.526,120,188,68,31,0.4647058824,0.526,100,,,,,,120,85,111.5,-33.6345,63.52650897,120,0.1,0.77146,92.5752,64.80264
W143,L2325,house,1,1300,0.973,15178.8,429,0.211,263,489,226,166,0.6876106195,0.211,100,,,,,,263,282.5,234.75,-111.78525,168.5981347,263,0.1,0.77146,202.89398,142.025786
W144,L2325,house,2,1900,0.973,22184.4,441,0.3315,335,502,167,106,0.6077844311,0.3315,100,,,,,,335,208.75,314.125,-82.602375,168.6320165,335,0.1,0.77146,258.4391,180.90737
W145,L2338,apartment,1,900,0.973,10508.4,144,0.3288,98,195,97,46,0.4793814433,0.3288,100,,,,,,98,121.25,85.875,-47.978625,67.70297408,98,0.1,0.77146,75.60308,52.922156
W146,L2338,apartment,2,1400,0.973,16346.4,136,0.6192,77,260,183,59,0.3579234973,0.6192,100,,,,,,77,228.75,54.125,-90.516375,93.94285012,93.94285012,0.1740671043,0.7128432936,66.96653069,46.87657148
W147,L2338,house,1,1400,0.973,16346.4,305,0.2712,173,322,149,132,0.8087248322,0.2712,100,,,,,,173,186.25,154.375,-73.699125,111.0320845,173,0.1,0.77146,133.46258,93.423806
W148,L2338,house,2,1700,0.973,19849.2,425,0.3288,176,469,293,249,0.7798634812,0.3288,100,,,,,,176,366.25,139.375,-144.925125,166.9195654,176,0.1,0.77146,135.77696,95.043872
W149,L3244,apartment,1,800,0.973,9340.8,176,0.4137,86,224,138,90,0.6217391304,0.4137,100,,,,,,86,172.5,68.75,-68.25825,79.59000983,86,0.1,0.77146,66.34556,46.441892
W15,L9534,house,2,900,0.973,10508.4,169,0.4795,111,276,165,58,0.3812121212,0.4795,100,,,,,,111,206.25,90.375,-81.613125,97.72168619,111,0.1,0.77146,85.63206,59.942442
W150,L3244,apartment,2,1300,0.973,15178.8,207,0.6301,127,276,149,80,0.5295302013,0.6301,100,,,,,,127,186.25,108.375,-73.699125,96.62686343,127,0.1,0.77146,97.97542,68.582794
W151,L3244,house,1,1400,0.973,16346.4,244,0.9041,222,381,159,22,0.2106918239,0.9041,100,,,,,,222,198.75,202.125,-78.645375,130.1926106,222,0.1,0.77146,171.26412,119.884884
W152,L3244,house,2,1900,0.973,22184.4,536,0.5425,386,773,387,150,0.4100775194,0.5425,100,,,,,,386,483.75,337.625,-191.419875,268.551371,386,0.1,0.77146,297.78356,208.448492
W153,L3256,apartment,1,1700,0.973,19849.2,476,0.0795,136,476,340,340,0.9,0.0795,100,,,,,,136,425,93.5,-168.1725,172.3277061,172.3277061,0.1854769556,0.7038135373,121.2865724,84.9006007
W154,L3256,apartment,2,2400,0.973,28022.4,360,0.5507,173,690,517,187,0.3893617021,0.5507,100,,,,,,173,646.25,108.375,-255.721125,251.4547766,251.4547766,0.2214000412,0.6753840074,169.8285347,118.8799743
W155,L3256,house,1,2100,0.973,24519.6,1477,0.6932,448,2128,1680,1029,0.59,0.6932,100,,,,,,448,2100,238,-830.97,781.3544432,781.3544432,0.2587402111,0.645832997,504.6244818,353.2371372
W156,L3256,house,2,3200,0.973,37363.2,1265,0.7151,450,2699,2249,815,0.3899066252,0.7151,100,,,,,,450,2811.25,168.875,-1112.411625,999.1017132,999.1017132,0.2953229749,0.6168813977,616.3272613,431.4290829
W157,L3261,apartment,1,1300,0.973,15178.8,328,0.5205,291,387,96,37,0.4083333333,0.5205,100,,,,,,291,120,279,-47.484,127.7606878,291,0.1,0.77146,224.49486,157.146402
W158,L3261,apartment,2,1700,0.973,19849.2,246,0.1589,203,318,115,43,0.3991304348,0.1589,100,,,,,,203,143.75,188.625,-56.881875,107.4529582,203,0.1,0.77146,156.60638,109.624466
W159,L3261,house,1,1400,0.973,16346.4,325,0.5452,287,395,108,38,0.3814814815,0.5452,100,,,,,,287,135,273.5,-53.4195,131.0870607,287,0.1,0.77146,221.40902,154.986314
W16,L9534,apartment,1,750,0.973,8757,94,0.4795,51,179,128,43,0.36875,0.4795,100,,,,,,51,160,35,-63.312,64.8136815,64.8136815,0.1863355094,0.7031340779,45.57270818,31.90089572
W160,L3261,house,2,1900,0.973,22184.4,428,0.5863,376,502,126,52,0.4301587302,0.5863,100,,,,,,376,157.5,360.25,-62.32275,165.8265332,376,0.1,0.77146,290.06896,203.048272
W161,L3262,apartment,1,1600,0.973,18681.6,188,0.6795,126,352,226,62,0.3194690265,0.6795,100,,,,,,126,282.5,97.75,-111.78525,125.6956284,126,0.1,0.77146,97.20396,68.042772
W162,L3262,apartment,2,2200,0.973,25687.2,274,0.5781,119,505,386,155,0.4212435233,0.5781,100,,,,,,119,482.5,70.75,-190.92525,184.556874,184.556874,0.2358691689,0.6639331397,122.5334248,85.77339736
W163,L3262,house,1,1500,0.973,17514,860,0.411,486,1215,729,374,0.5104252401,0.411,100,,,,,,486,911.25,394.875,-360.581625,430.3685927,486,0.1,0.77146,374.92956,262.450692
W164,L3262,house,2,2400,0.973,28022.4,729,0.6822,516,1650,1134,213,0.2502645503,0.6822,100,,,,,,516,1417.5,374.25,-560.90475,594.3045801,594.3045801,0.1552413264,0.7277420143,432.5004123,302.7502886
W165,L3264,apartment,1,1600,0.973,18681.6,174,0.8247,160,321,161,14,0.1695652174,0.8247,100,,,,,,160,201.25,139.875,-79.634625,111.5400446,160,0.1,0.77146,123.4336,86.40352
W166,L3264,apartment,2,1900,0.973,22184.4,308,0.2164,168,364,196,140,0.6714285714,0.2164,100,,,,,,168,245,143.5,-96.9465,127.4007195,168,0.1,0.77146,129.60528,90.723696
W167,L3264,house,1,1400,0.973,16346.4,308,0.6,226,368,142,82,0.561971831,0.6,100,,,,,,226,177.5,208.25,-70.23675,124.9583206,226,0.1,0.77146,174.34996,122.044972
W168,L3264,house,2,2000,0.973,23352,342,0.3918,285,428,143,57,0.4188811189,0.3918,100,,,,,,285,178.75,267.125,-70.731375,143.8161659,285,0.1,0.77146,219.8661,153.90627
W169,L10126,apartment,1,1000,0.973,11676,229,0.589,91,342,251,138,0.5398406375,0.589,100,,,,,,91,313.75,59.625,-124.150875,124.2747192,124.2747192,0.2060548819,0.6875281664,85.44236983,59.80965888
W17,L4761,apartment,2,2500,0.973,29190,392,0.2932,173,581,408,219,0.5294117647,0.2932,100,,,,,,173,510,122,-201.807,209.8621858,209.8621858,0.1722787956,0.7142585612,149.8958628,104.927104
W170,L10126,apartment,2,1400,0.973,16346.4,322,0.2712,168,392,224,154,0.65,0.2712,100,,,,,,168,280,140,-110.796,138.0850548,168,0.1,0.77146,129.60528,90.723696
W171,L10126,house,1,1300,0.973,15178.8,257,0.5507,155,494,339,102,0.3407079646,0.5507,100,,,,,,155,423.75,112.625,-167.677875,177.8961053,177.8961053,0.154032107,0.7286989905,129.6327124,90.74289867
W172,L10126,house,2,1800,0.973,21016.8,286,0.4521,151,391,240,135,0.55,0.4521,100,,,,,,151,300,121,-118.71,138.8667206,151,0.1,0.77146,116.49046,81.543322
W173,L10130,apartment,1,700,0.973,8173.2,180,0.5178,99,265,166,81,0.4903614458,0.5178,100,,,,,,99,207.5,78.25,-82.10775,94.34538584,99,0.1,0.77146,76.37454,53.462178
W174,L10130,apartment,2,900,0.973,10508.4,230,0.5205,154,286,132,76,0.5606060606,0.5205,100,,,,,,154,165,137.5,-65.2905,98.59518405,154,0.1,0.77146,118.80484,83.163388
W175,L10130,house,1,1000,0.973,11676,221,0.6301,190,462,272,31,0.1911764706,0.6301,100,,,,,,190,340,156,-134.538,163.2905117,190,0.1,0.77146,146.5774,102.60418
W176,L10130,house,2,1200,0.973,14011.2,316,0.3699,205,411,206,111,0.5310679612,0.3699,100,,,,,,205,257.5,179.25,-101.89275,142.8033618,205,0.1,0.77146,158.1493,110.70451
W177,L10133,apartment,1,700,0.973,8173.2,245,0.5699,192,313,121,53,0.4504132231,0.5699,100,,,,,,192,151.25,176.875,-59.849625,106.2977319,192,0.1,0.77146,148.12032,103.684224
W178,L10133,apartment,2,1000,0.973,11676,266,0.4192,192,357,165,74,0.4587878788,0.4192,100,,,,,,192,206.25,171.375,-81.613125,123.0874016,192,0.1,0.77146,148.12032,103.684224
W179,L10133,house,1,800,0.973,9340.8,325,0.4548,186,465,279,139,0.4985663082,0.4548,100,,,,,,186,348.75,151.125,-138.000375,164.7089676,186,0.1,0.77146,143.49156,100.444092
W18,L4761,house,1,2500,0.973,29190,393,0.6219,189,588,399,204,0.5090225564,0.6219,100,,,,,,189,498.75,139.125,-197.355375,211.4384468,211.4384468,0.1449893671,0.7358554149,155.588126,108.9116882
W180,L10133,house,2,900,0.973,10508.4,256,0.7096,209,358,149,47,0.3523489933,0.7096,100,,,,,,209,186.25,190.375,-73.699125,122.3057358,209,0.1,0.77146,161.23514,112.864598
W181,L10136,apartment,1,700,0.973,8173.2,184,0.3096,42,252,210,142,0.640952381,0.3096,100,,,,,,42,262.5,15.75,-103.87125,93.28510769,93.28510769,0.2953718388,0.6168427268,57.54224019,40.27956813
W182,L10136,apartment,2,1000,0.973,11676,427,0.2411,94,531,437,333,0.709610984,0.2411,100,,,,,,94,546.25,39.375,-216.151125,196.188703,196.188703,0.2870731405,0.6234103166,122.3060615,85.61424302
W183,L10136,house,1,900,0.973,10508.4,418,0.0466,86,488,402,332,0.7606965174,0.0466,100,,,,,,86,502.5,35.75,-198.83925,180.3280281,180.3280281,0.2877174688,0.6229003952,112.3264,78.62847997
W184,L10136,house,2,1200,0.973,14011.2,219,0.6356,83,556,473,136,0.3300211416,0.6356,100,,,,,,83,591.25,23.875,-233.957625,206.4809787,206.4809787,0.3088473213,0.6061782299,125.1642742,87.61499194
W185,L1882,apartment,1,1100,0.973,12843.6,220,0.4301,84,301,217,136,0.6013824885,0.4301,100,,,,,,84,271.25,56.875,-107.333625,109.1087847,109.1087847,0.1925669481,0.6982025173,76.18002811,53.32601968
W186,L1882,apartment,2,1400,0.973,16346.4,481,0.3808,134,568,434,347,0.7396313364,0.3808,100,,,,,,134,542.5,79.75,-214.66725,207.570232,207.570232,0.2356133309,0.6641356099,137.8547826,96.49834785
W187,L1882,house,1,1300,0.973,15178.8,280,0.4575,109,615,506,171,0.3703557312,0.4575,100,,,,,,109,632.5,45.75,-250.28025,227.2153125,227.2153125,0.2869016798,0.6235460106,141.6792016,99.17544115
W19,L4761,house,2,2800,0.973,32692.8,556,0.2986,191,826,635,365,0.5598425197,0.2986,100,,,,,,191,793.75,111.625,-314.086875,302.1184438,302.1184438,0.2399917402,0.6606705368,199.6007544,139.7205281
W191,L1883,house,1,1300,0.973,15178.8,318,0.3918,157,471,314,161,0.5101910828,0.3918,100,,,,,,157,392.5,117.75,-155.31225,168.9828342,168.9828342,0.130529514,0.7472989426,126.2806934,88.39648535
W192,L1883,house,2,1600,0.973,18681.6,680,0.3863,253,886,633,427,0.6396524487,0.3863,100,,,,,,253,791.25,173.875,-313.097625,320.7710097,320.7710097,0.1856505652,0.7036761427,225.7189068,158.0032348
W193,L1887,apartment,1,1400,0.973,16346.4,202,0.4877,76,342,266,126,0.4789473684,0.4877,100,,,,,,76,332.5,42.75,-131.57025,125.3011155,125.3011155,0.2482740317,0.6541159313,81.96145589,57.37301912
W194,L1887,apartment,2,2000,0.973,23352,579,0.411,107,781,674,472,0.6602373887,0.411,100,,,,,,107,842.5,22.75,-333.37725,290.6950101,290.6950101,0.3180356204,0.5989066101,174.0991631,121.8694142
W195,L1887,house,1,1700,0.973,19849.2,524,0.5041,162,614,452,362,0.7407079646,0.5041,100,,,,,,162,565,105.5,-223.5705,223.2071287,223.2071287,0.2083312012,0.6857266874,153.059085,107.1413595
W196,L1887,house,2,2500,0.973,29190,560,0.2767,158,906,748,402,0.5299465241,0.2767,100,,,,,,158,935,64.5,-369.9795,334.9031879,334.9031879,0.2892012705,0.6217261145,208.2180578,145.7526404
W197,L1902,apartment,1,1800,0.973,21016.8,362,0.3288,199,432,233,163,0.6596566524,0.3288,100,,,,,,199,291.25,169.875,-115.247625,151.2271718,199,0.1,0.77146,153.52054,107.464378
W198,L1902,apartment,2,2600,0.973,30357.6,417,0.5315,366,594,228,51,0.2789473684,0.5315,100,,,,,,366,285,337.5,-112.7745,201.6164705,366,0.1,0.77146,282.35436,197.648052
W199,L1902,house,1,2500,0.973,29190,474,0.4274,333,665,332,141,0.4397590361,0.4274,100,,,,,,333,415,291.5,-164.2155,230.966964,333,0.1,0.77146,256.89618,179.827326
W2,L9531,house,1,1500,0.973,17514,146,0.2411,81,205,124,65,0.5193548387,0.2411,100,,,,,,81,155,65.5,-61.3335,72.68205729,81,0.1,0.77146,62.48826,43.741782
W20,L4761,apartment,1,1700,0.973,19849.2,312,0.411,106,465,359,206,0.5590529248,0.411,100,,,,,,106,448.75,61.125,-177.570375,170.1830814,170.1830814,0.2430263652,0.6582689346,112.0262357,78.41836496
W200,L1902,house,2,3600,0.973,42033.6,491,0.3973,336,624,288,155,0.5305555556,0.3973,100,,,,,,336,360,300,-142.452,215.1167652,336,0.1,0.77146,259.21056,181.447392
W201,L1916,apartment,1,1200,0.973,14011.2,204,0.7973,173,395,222,31,0.2117117117,0.7973,100,,,,,,173,277.5,145.25,-109.80675,138.8876729,173,0.1,0.77146,133.46258,93.423806
W202,L1916,apartment,2,1600,0.973,18681.6,245,0.6877,228,456,228,17,0.1596491228,0.6877,100,,,,,,228,285,199.5,-112.7745,158.4008072,228,0.1,0.77146,175.89288,123.125016
W203,L1916,house,1,1000,0.973,11676,197,0.589,155,252,97,42,0.4463917526,0.589,100,,,,,,155,121.25,142.875,-47.978625,85.55292194,155,0.1,0.77146,119.5763,83.70341
W204,L1916,house,2,1500,0.973,17514,195,0.6192,158,236,78,37,0.4794871795,0.6192,100,,,,,,158,97.5,148.25,-38.58075,79.24230824,158,0.1,0.77146,121.89068,85.323476
W205,L12252,apartment,1,750,0.973,8757,124,0.4548,89,155,66,35,0.5242424242,0.4548,100,,,,,,89,82.5,80.75,-32.64525,53.05547579,89,0.1,0.77146,68.65994,48.061958
W206,L12252,apartment,2,1040,0.973,12143.04,156,0.4877,115,179,64,41,0.6125,0.4877,100,,,,,,115,80,107,-31.656,60.43439046,115,0.1,0.77146,88.7179,62.10253
W207,L12252,house,1,900,0.973,10508.4,256,0.4795,152,300,148,104,0.6621621622,0.4795,100,,,,,,152,185,133.5,-73.2045,104.0742045,152,0.1,0.77146,117.26192,82.083344
W208,L12252,house,2,1400,0.973,16346.4,284,0.4932,175,368,193,109,0.5518134715,0.4932,100,,,,,,175,241.25,150.875,-95.462625,128.4480682,175,0.1,0.77146,135.0055,94.50385
W209,L12260,apartment,1,825,0.973,9632.7,128,0.3616,77,161,84,51,0.5857142857,0.3616,100,,,,,,77,105,66.5,-41.5485,56.16609327,77,0.1,0.77146,59.40242,41.581694
W21,L4765,apartment,2,2700,0.973,31525.2,337,0.4219,157,526,369,180,0.4902439024,0.4219,100,,,,,,157,461.25,110.875,-182.516625,189.9699214,189.9699214,0.1714795044,0.7148911203,135.8078099,95.06546694
W210,L12260,apartment,2,1300,0.973,15178.8,139,0.7425,125,170,45,14,0.3488888889,0.7425,100,,,,,,125,56.25,119.375,-22.258125,56.31587561,125,0.1,0.77146,96.4325,67.50275
W211,L12260,house,1,1000,0.973,11676,240,0.3699,140,288,148,100,0.6405405405,0.3699,100,,,,,,140,185,121.5,-73.2045,100.3163208,140,0.1,0.77146,108.0044,75.60308
W218,L16888,apartment,2,1200,0.973,14011.2,203,0.2712,125,277,152,78,0.5105263158,0.2712,100,,,,,,125,190,106,-75.183,97.14529968,125,0.1,0.77146,96.4325,67.50275
W219,L16888,house,1,1400,0.973,16346.4,240,0.7616,209,384,175,31,0.2417142857,0.7616,100,,,,,,209,218.75,187.125,-86.559375,132.2269043,209,0.1,0.77146,161.23514,112.864598
W220,L16888,house,2,1600,0.973,18681.6,312,0.6082,220,418,198,92,0.4717171717,0.6082,100,,,,,,220,247.5,195.25,-97.93575,144.4480493,220,0.1,0.77146,169.7212,118.80484
W221,L16887,apartment,1,1105,0.973,12901.98,111,0.611,82,235,153,29,0.2516339869,0.611,100,,,,,,82,191.25,62.875,-75.677625,84.06113294,84.06113294,0.1107771657,0.7629309511,64.1328401,44.89298807
W222,L16887,apartment,2,1665,0.973,19440.54,169,0.3068,130,200,70,39,0.5457142857,0.3068,100,,,,,,130,87.5,121.25,-34.62375,67.42124558,130,0.1,0.77146,100.2898,70.20286
W223,L16887,house,1,1175,0.973,13719.3,201,0.5233,106,267,161,95,0.5720496894,0.5233,100,,,,,,106,201.25,85.875,-79.634625,94.62956768,106,0.1,0.77146,81.77476,57.242332
W224,L16887,house,2,1725,0.973,20141.1,242,0.4822,195,305,110,47,0.4418181818,0.4822,100,,,,,,195,137.5,181.25,-54.40875,103.0397854,195,0.1,0.77146,150.4347,105.30429
W225,L16898,apartment,1,709,0.973,8278.284,158,0.2219,86,192,106,72,0.6433962264,0.2219,100,,,,,,86,132.5,72.75,-52.43025,67.37934095,86,0.1,0.77146,66.34556,46.441892
W226,L16898,apartment,2,869,0.973,10146.444,246,0.389,135,305,170,111,0.6223529412,0.389,100,,,,,,135,212.5,113.75,-84.08625,107.1453707,135,0.1,0.77146,104.1471,72.90297
W227,L16898,house,1,925,0.973,10800.3,207,0.4164,125,288,163,82,0.5024539877,0.4164,100,,,,,,125,203.75,104.625,-80.623875,101.3427171,125,0.1,0.77146,96.4325,67.50275
W228,L16898,house,2,1350,0.973,15762.6,224,0.4849,119,360,241,105,0.4485477178,0.4849,100,,,,,,119,301.25,88.875,-119.204625,129.2272806,129.2272806,0.1339494792,0.7445923821,96.22164871,67.3551541
W229,L16890,apartment,1,900,0.973,10508.4,139,0.5507,89,177,88,50,0.5545454545,0.5507,100,,,,,,89,110,78,-43.527,61.45031064,89,0.1,0.77146,68.65994,48.061958
W230,L16890,apartment,2,1325,0.973,15470.7,283,0.2932,161,319,158,122,0.717721519,0.2932,100,,,,,,161,197.5,141.25,-78.15075,110.7084514,161,0.1,0.77146,124.20506,86.943542
W231,L16890,house,1,975,0.973,11384.1,192,0.5014,145,300,155,47,0.3425806452,0.5014,100,,,,,,145,193.75,125.625,-76.666875,104.5531895,145,0.1,0.77146,111.8617,78.30319
W232,L16890,house,2,1550,0.973,18097.8,307,0.3014,185,376,191,122,0.6109947644,0.3014,100,,,,,,185,238.75,161.125,-94.473375,130.8164712,185,0.1,0.77146,142.7201,99.90407
W235,L14416,house,1,1400,0.973,16346.4,232,0.4986,135,287,152,97,0.6105263158,0.4986,100,,,,,,135,190,116,-75.183,100.2768695,135,0.1,0.77146,104.1471,72.90297
W236,L14416,house,2,1995,0.973,23293.62,292,0.6384,224,331,107,68,0.608411215,0.6384,100,,,,,,224,133.75,210.625,-52.924875,110.9765876,224,0.1,0.77146,172.80704,120.964928
W237,L14418,apartment,1,760,0.973,8873.76,169,0.2904,100,195,95,69,0.6810526316,0.2904,100,,,,,,100,118.75,88.125,-46.989375,67.56612124,100,0.1,0.77146,77.146,54.0022
W238,L14418,apartment,2,965,0.973,11267.34,189,0.5397,135,284,149,54,0.3899328859,0.5397,100,,,,,,135,186.25,116.375,-73.699125,99.13211927,135,0.1,0.77146,104.1471,72.90297
W239,L14418,house,1,1185,0.973,13836.06,289,0.2795,157,320,163,132,0.7478527607,0.2795,100,,,,,,157,203.75,136.625,-80.623875,111.3637405,157,0.1,0.77146,121.11922,84.783454
W240,L14418,house,2,1340,0.973,15645.84,278,0.389,135,347,212,143,0.6396226415,0.389,100,,,,,,135,265,108.5,-104.8605,123.1718736,135,0.1,0.77146,104.1471,72.90297
W241,L14419,apartment,1,1150,0.973,13427.4,183,0.5753,80,267,187,103,0.5406417112,0.5753,100,,,,,,80,233.75,56.625,-92.494875,96.40865467,96.40865467,0.1701974531,0.7159057356,69.01950884,48.31365619
W242,L14419,apartment,2,2000,0.973,23352,237,0.3123,160,323,163,77,0.4779141104,0.3123,100,,,,,,160,203.75,139.625,-80.623875,112.3032114,160,0.1,0.77146,123.4336,86.40352
W243,L14419,house,1,1600,0.973,18681.6,297,0.4521,225,406,181,72,0.4182320442,0.4521,100,,,,,,225,226.25,202.375,-89.527125,139.5269164,225,0.1,0.77146,173.5785,121.50495
W244,L14419,house,2,2150,0.973,25103.4,360,0.5315,170,447,277,190,0.6487364621,0.5315,100,,,,,,170,346.25,135.375,-137.011125,158.9352891,170,0.1,0.77146,131.1482,91.80374
W3,L9531,house,2,2000,0.973,23352,199,0.3123,97,240,143,102,0.6706293706,0.3123,100,,,,,,97,178.75,79.125,-70.731375,84.94265362,97,0.1,0.77146,74.83162,52.382134
W31,L4794,house,2,2750,0.973,32109,538,0.6,188,810,622,350,0.5501607717,0.6,100,,,,,,188,777.5,110.25,-307.65675,296.2183886,296.2183886,0.2391876381,0.6613069032,195.8912652,137.1238857
W32,L4794,apartment,1,1800,0.973,21016.8,288,0.2329,89,390,301,199,0.6289036545,0.2329,100,,,,,,89,376.25,51.375,-148.882125,142.7275754,142.7275754,0.2427975425,0.6584500249,93.97897555,65.78528289
W33,L4804,apartment,2,3000,0.973,35028,415,0.4082,193,648,455,222,0.4903296703,0.4082,100,,,,,,193,568.75,136.125,-225.054375,234.0597453,234.0597453,0.1721929587,0.7143264925,167.1950769,117.0365538
W34,L4804,house,1,2000,0.973,23352,387,0.326,193,600,407,194,0.4813267813,0.326,100,,,,,,193,508.75,142.125,-201.312375,215.743742,215.743742,0.1447051439,0.7360803491,158.8047289,111.1633102
W35,L4804,house,2,2950,0.973,34444.2,575,0.389,192,829,637,383,0.5810047096,0.389,100,,,,,,192,796.25,112.375,-315.076125,303.1947676,303.1947676,0.2396480597,0.6609425255,200.3943154,140.2760208
W55,L11480,house,2,3000,0.973,35028,620,0.2932,195,752,557,425,0.7104129264,0.2932,100,,,,,,195,696.25,125.375,-275.506125,273.6075663,273.6075663,0.2129013519,0.6821098701,186.6304215,130.641295
W56,L11480,apartment,1,3000,0.973,35028,235,0.6411,80,469,389,155,0.4187660668,0.6411,100,,,,,,80,486.25,31.375,-192.409125,173.488502,173.488502,0.2922642714,0.6193020556,107.4417859,75.20925013
W57,L11495,apartment,2,3900,0.973,45536.4,284,0.5041,116,361,245,168,0.6485714286,0.5041,100,,,,,,116,306.25,85.375,-121.183125,129.8141433,129.8141433,0.1451074067,0.7357619984,95.51231348,66.85861944
W58,L11495,house,1,2800,0.973,32692.8,355,0.4027,102,799,697,253,0.3903873745,0.4027,100,,,,,,102,871.25,14.875,-344.753625,297.9056435,297.9056435,0.3248558319,0.5935090947,176.8097088,123.7667961
W59,L11495,house,2,3500,0.973,40866,436,0.5068,188,724,536,248,0.4701492537,0.5068,100,,,,,,188,670,121,-265.119,263.402216,263.402216,0.2125406209,0.6823953526,179.7444481,125.8211136
W36,L4804,apartment,1,1700,0.973,19849.2,228,0.5205,98,432,334,130,0.4113772455,0.5205,100,,,,,,98,417.5,56.25,-165.20475,158.1382405,158.1382405,0.2440436898,0.6574638239,103.9701723,72.7791206
W60,L11495,apartment,1,2600,0.973,30357.6,250,0.3699,69,406,337,181,0.5296735905,0.3699,100,,,,,,69,421.25,26.875,-166.688625,150.2014383,150.2014383,0.2927630582,0.6189073157,92.96076898,65.07253828
W61,L1734,apartment,2,2695,0.973,31466.82,443,0.2356,265,534,269,178,0.6293680297,0.2356,100,,,,,,265,336.25,231.375,-133.054125,185.632535,265,0.1,0.77146,204.4369,143.10583
W62,L1734,house,1,3000,0.973,35028,343,0.5808,158,706,548,185,0.3700729927,0.5808,100,,,,,,158,685,89.5,-271.0545,258.5865074,258.5865074,0.2468416167,0.6552495446,169.4386912,118.6070839
W63,L1734,house,2,4000,0.973,46704,739,0.0192,306,781,475,433,0.8292631579,0.0192,100,,,,,,306,593.75,246.625,-234.946875,277.0781521,306,0.1,0.77146,236.06676,165.246732
W64,L1734,apartment,1,2295,0.973,26796.42,270,0.4685,100,469,369,170,0.4685636856,0.4685,100,,,,,,100,461.25,53.875,-182.516625,172.1199735,172.1199735,0.2563576662,0.647718543,111.4852985,78.03970893
W65,L1735,apartment,2,3000,0.973,35028,424,0.3425,270,543,273,154,0.5512820513,0.3425,100,,,,,,270,341.25,235.875,-135.032625,188.7246535,270,0.1,0.77146,208.2942,145.80594
W66,L1735,house,1,3300,0.973,38530.8,980,0.2712,283,1261,978,697,0.6701431493,0.2712,100,,,,,,283,1222.5,160.75,-483.74325,461.811993,461.811993,0.2462674789,0.6557039172,302.8119328,211.968353
W37,L11419,apartment,1,3000,0.973,35028,337,0.463,87,512,425,250,0.5705882353,0.463,100,,,,,,87,531.25,33.875,-210.215625,189.4176033,189.4176033,0.2927860768,0.6188890988,117.2284898,82.05994287
W38,L11419,apartment,2,3200,0.973,37363.2,154,0.6795,154,480,326,0,0.1,0.6795,100,,,,,,154,407.5,113.25,-161.24775,172.6223641,172.6223641,0.1456990531,0.7352937694,126.9281488,88.84970416
W39,L11421,apartment,2,4500,0.973,52542,432,0.6822,273,853,580,159,0.3193103448,0.6822,100,,,,,,273,725,200.5,-286.8825,306.810229,306.810229,0.1466347986,0.7345532204,225.3684418,157.7579092
W4,L9531,apartment,1,800,0.973,9340.8,104,0.5699,53,188,135,51,0.4022222222,0.5699,100,,,,,,53,168.75,36.125,-66.774375,68.11107928,68.11107928,0.1895471365,0.7005923962,47.71810424,33.40267297
W40,L11421,house,1,4500,0.973,52542,200,0.8685,103,807,704,97,0.2102272727,0.8685,100,,,,,,103,880,15,-348.216,300.8898843,300.8898843,0.3248748685,0.5934940291,178.5763497,125.0034448
W41,L11421,house,2,5500,0.973,64218,428,0.5233,200,770,570,228,0.42,0.5233,100,,,,,,200,712.5,128.75,-281.93625,280.1339354,280.1339354,0.2124686813,0.6824522856,191.1780445,133.8246312
W42,L11421,apartment,1,3500,0.973,40866,576,0.4603,151,890,739,425,0.5600811908,0.4603,100,,,,,,151,923.75,58.625,-365.527875,329.2768384,329.2768384,0.2929925179,0.6187257213,203.7320494,142.6124346
W22,L4765,house,1,2700,0.973,31525.2,389,0.5123,202,629,427,187,0.4503512881,0.5123,100,,,,,,202,533.75,148.625,-211.204875,226.1938228,226.1938228,0.1453280053,0.7355874166,166.3853298,116.4697309
W23,L4765,house,2,3200,0.973,37363.2,325,0.8164,195,844,649,130,0.2602465331,0.8164,100,,,,,,195,811.25,113.875,-321.011625,308.7132393,308.7132393,0.2401704029,0.6605291432,203.9140915,142.739864
W24,L4765,apartment,1,1700,0.973,19849.2,239,0.6767,98,430,332,141,0.4397590361,0.6767,100,,,,,,98,415,56.5,-164.2155,157.3750737,157.3750737,0.2430724667,0.6582324499,103.5893803,72.5125662
W25,L4770,apartment,1,1600,0.973,18681.6,209,0.5397,94,411,317,115,0.3902208202,0.5397,100,,,,,,94,396.25,54.375,-156.796125,150.3986947,150.3986947,0.2423310908,0.6588191748,99.08554394,69.35988076
W26,L4770,apartment,2,2100,0.973,24519.6,265,0.4027,130,438,308,135,0.4506493506,0.4027,100,,,,,,130,385,91.5,-152.3445,158.2380954,158.2380954,0.1733457023,0.7134142112,112.889306,79.0225142
W27,L4770,house,1,1200,0.973,14011.2,435,0.4,162,504,342,273,0.7385964912,0.4,100,,,,,,162,427.5,119.25,-169.16175,181.2329544,181.2329544,0.1449893671,0.7358554149,133.3612509,93.35287561
W28,L4770,house,2,2100,0.973,24519.6,487,0.4301,175,755,580,312,0.5303448276,0.4301,100,,,,,,175,725,102.5,-286.8825,276.120845,276.120845,0.2394770275,0.6610778804,182.5373829,127.776168
W29,L4794,apartment,2,2500,0.973,29190,231,0.4027,129,431,302,102,0.3701986755,0.4027,100,,,,,,129,377.5,91.25,-149.37675,155.635438,155.635438,0.1705574516,0.7156208328,111.3759617,77.96317322
W43,L11427,apartment,2,4000,0.973,46704,560,0.3534,218,681,463,342,0.6909287257,0.3534,100,,,,,,218,578.75,160.125,-229.011375,244.941337,244.941337,0.1465509063,0.7346196128,179.9387101,125.9570971
W30,L4794,house,1,2500,0.973,29190,490,0.2301,186,578,392,304,0.7204081633,0.2301,100,,,,,,186,490,137,-193.893,207.8278921,207.8278921,0.1445467185,0.736205727,153.0040844,107.1028591
W44,L11427,apartment,1,3000,0.973,35028,288,0.4986,109,640,531,179,0.3696798493,0.4986,100,,,,,,109,663.75,42.625,-262.645875,236.7548975,236.7548975,0.2924744219,0.6191357425,146.5834193,102.6083935
W45,L11431,apartment,2,5600,0.973,65385.6,373,0.5151,196,612,416,177,0.4403846154,0.5151,100,,,,,,196,520,144,-205.764,220.1174635,220.1174635,0.1463797375,0.7347550757,161.7324236,113.2126965
W46,L11431,house,1,3200,0.973,37363.2,420,0.8712,165,1296,1131,255,0.2803713528,0.8712,100,,,,,,165,1413.75,23.625,-559.420875,483.2417299,483.2417299,0.3251046719,0.5933121626,286.7131959,200.6992371
W47,L11431,house,2,3500,0.973,40866,593,0.5068,268,1032,764,325,0.4403141361,0.5068,100,,,,,,268,955,172.5,-377.8935,375.4557902,375.4557902,0.212519152,0.6824123431,256.2156655,179.3509658
W48,L11431,apartment,1,3400,0.973,39698.4,436,0.2822,106,624,518,330,0.6096525097,0.2822,100,,,,,,106,647.5,41.25,-256.21575,230.8548424,230.8548424,0.2928260114,0.6188574946,142.8662494,100.0063746
W188,L1882,house,2,1900,0.973,22184.4,568,0.189,227,861,634,341,0.5302839117,0.189,100,,,,,,227,792.5,147.75,-313.59225,313.0105116,313.0105116,0.2085306141,0.685568872,214.5902634,150.2131844
W189,L1883,apartment,1,900,0.973,10508.4,318,0.2904,176,440,264,142,0.5303030303,0.2904,100,,,,,,176,330,143,-130.581,155.8536467,176,0.1,0.77146,135.77696,95.043872
W49,L11434,apartment,2,4200,0.973,49039.2,426,0.5425,210,654,444,216,0.4891891892,0.5425,100,,,,,,210,555,154.5,-219.6135,235.1859965,235.1859965,0.1453801739,0.7355461304,172.9901497,121.0931048
W190,L1883,apartment,2,1100,0.973,12843.6,538,0.5808,225,1033,808,313,0.4099009901,0.5808,100,,,,,,225,1010,124,-399.657,378.7797097,378.7797097,0.2522571383,0.6509637007,246.5718416,172.6002891
W5,L9532,apartment,2,1100,0.973,12843.6,142,0.0822,111,148,37,31,0.7702702703,0.0822,100,,,,,,111,46.25,106.375,-18.301125,48.87901067,111,0.1,0.77146,85.63206,59.942442
W50,L11434,house,1,3000,0.973,35028,621,0.3479,133,1040,907,488,0.530429989,0.3479,100,,,,,,133,1133.75,19.625,-448.624875,387.7460244,387.7460244,0.3246932961,0.5936377255,230.180668,161.1264676
W51,L11434,house,2,3900,0.973,45536.4,535,0.4767,231,888,657,304,0.4701674277,0.4767,100,,,,,,231,821.25,148.875,-324.968625,323.0395578,323.0395578,0.2120725209,0.6827658069,220.5603644,154.3922551
W212,L12260,house,2,1480,0.973,17280.48,249,0.4411,175,310,135,74,0.5385185185,0.4411,100,,,,,,175,168.75,158.125,-66.774375,106.3162308,175,0.1,0.77146,135.0055,94.50385
W213,L12264,apartment,1,650,0.973,7589.4,107,0.4795,80,156,76,27,0.3842105263,0.4795,100,,,,,,80,95,70.5,-37.5915,54.05289699,80,0.1,0.77146,61.7168,43.20176
W214,L12264,apartment,2,920,0.973,10741.92,147,0.4137,108,205,97,39,0.4216494845,0.4137,100,,,,,,108,121.25,95.875,-47.978625,70.83454388,108,0.1,0.77146,83.31768,58.322376
W215,L12264,house,1,880,0.973,10274.88,246,0.4438,145,333,188,101,0.529787234,0.4438,100,,,,,,145,235,121.5,-92.9895,117.1454418,145,0.1,0.77146,111.8617,78.30319
W216,L12264,house,2,1200,0.973,14011.2,169,0.6192,160,310,150,9,0.148,0.6192,100,,,,,,160,187.5,141.25,-74.19375,107.3426272,160,0.1,0.77146,123.4336,86.40352
W217,L16888,apartment,1,1000,0.973,11676,174,0.5479,95,280,185,79,0.4416216216,0.5479,100,,,,,,95,231.25,71.875,-91.505625,100.3428426,100.3428426,0.1231041841,0.7531753487,75.57575544,52.90302881
W233,L14416,apartment,1,1165,0.973,13602.54,180,0.3425,135,220,85,45,0.5235294118,0.3425,100,,,,,,135,106.25,124.375,-42.043125,74.71078151,135,0.1,0.77146,104.1471,72.90297
W52,L11434,apartment,1,3600,0.973,42033.6,196,0.7781,137,808,671,59,0.170342772,0.7781,100,,,,,,137,838.75,53.125,-331.893375,298.9449693,298.9449693,0.29307895,0.6186573189,184.9444932,129.4611453
W234,L14416,apartment,2,1625,0.973,18973.5,260,0.6,220,312,92,40,0.447826087,0.6,100,,,,,,220,115,208.5,-45.5055,104.0002086,220,0.1,0.77146,169.7212,118.80484
W53,L11480,apartment,2,3500,0.973,40866,294,0.3973,155,483,328,139,0.4390243902,0.3973,100,,,,,,155,410,114,-162.237,173.6986879,173.6986879,0.1456065559,0.7353669717,127.7322781,89.41259468
W54,L11480,house,1,2500,0.973,29190,471,0.6,111,868,757,360,0.4804491413,0.6,100,,,,,,111,946.25,16.375,-374.431125,323.6190605,323.6190605,0.3246964972,0.5936351921,192.1116631,134.4781642
W6,L9532,house,1,900,0.973,10508.4,141,0.5479,116,296,180,25,0.2111111111,0.5479,100,,,,,,116,225,93.5,-89.0325,105.0112221,116,0.1,0.77146,89.48936,62.642552
W67,L1735,house,2,4500,0.973,52542,994,0.4301,530,1354,824,464,0.5504854369,0.4301,100,,,,,,530,1030,427,-407.571,480.3979231,530,0.1,0.77146,408.8738,286.21166
W68,L1735,apartment,1,2700,0.973,31525.2,284,0.6055,103,483,380,181,0.4810526316,0.6055,100,,,,,,103,475,55.5,-187.9575,177.2568619,177.2568619,0.2563302356,0.6477402516,114.8164043,80.37148302
W69,L1736,apartment,1,2700,0.973,31525.2,236,0.5671,110,515,405,126,0.3488888889,0.5671,100,,,,,,110,506.25,59.375,-200.323125,188.9885458,188.9885458,0.2560267572,0.6479804244,122.4608781,85.72261468
W7,L9532,house,2,1100,0.973,12843.6,188,0.6192,136,335,199,52,0.3090452261,0.6192,100,,,,,,136,248.75,111.125,-98.430375,118.5244464,136,0.1,0.77146,104.91856,73.442992
W70,L1736,apartment,2,3000,0.973,35028,329,0.7041,270,544,274,59,0.2722627737,0.7041,100,,,,,,270,342.5,235.75,-135.52725,189.1062369,270,0.1,0.77146,208.2942,145.80594
W71,L1736,house,1,4500,0.973,52542,549,0.4438,231,1027,796,318,0.4195979899,0.4438,100,,,,,,231,995,131.5,-393.7215,376.0796508,376.0796508,0.2458086942,0.6560669994,246.733448,172.7134136
W72,L1736,house,2,4900,0.973,57212.4,652,0.4466,379,969,590,273,0.4701694915,0.4466,100,,,,,,379,737.5,305.25,-291.82875,343.8207029,379,0.1,0.77146,292.38334,204.668338
W73,L1737,apartment,2,3300,0.973,38530.8,378,0.4219,264,532,268,114,0.4402985075,0.4219,100,,,,,,264,335,230.5,-132.5595,184.9377946,264,0.1,0.77146,203.66544,142.565808
W74,L1737,house,1,4500,0.973,52542,255,0.5918,151,673,522,104,0.2593869732,0.5918,100,,,,,,151,652.5,85.75,-258.19425,246.4732401,246.4732401,0.2463191419,0.6556630311,161.6033917,113.1223742
W75,L1737,house,2,4200,0.973,49039.2,441,0.5726,278,711,433,163,0.4011547344,0.5726,100,,,,,,278,541.25,223.875,-214.172625,252.2832537,278,0.1,0.77146,214.46588,150.126116
W76,L1737,apartment,1,2500,0.973,29190,356,0.4247,98,460,362,258,0.6701657459,0.4247,100,,,,,,98,452.5,52.75,-179.05425,168.8225757,168.8225757,0.2565139795,0.6475948366,109.3286284,76.53003985
W77,L1738,apartment,1,2500,0.973,29190,437,0.0795,108,507,399,329,0.7596491228,0.0795,100,,,,,,108,498.75,58.125,-197.355375,186.0727314,186.0727314,0.2565368049,0.6475767726,120.4963789,84.34746523
W78,L1738,apartment,2,3300,0.973,38530.8,461,0.3178,270,543,273,191,0.6597069597,0.3178,100,,,,,,270,341.25,235.875,-135.032625,188.7246535,270,0.1,0.77146,208.2942,145.80594
W79,L1738,house,1,4500,0.973,52542,669,0.3123,186,829,643,483,0.700933126,0.3123,100,,,,,,186,803.75,105.625,-318.043875,303.6053261,303.6053261,0.246320779,0.6556617355,199.062395,139.3436765
W8,L9532,apartment,1,500,0.973,5838,121,0.3973,50,174,124,71,0.5580645161,0.3973,100,,,,,,50,155,34.5,-61.3335,62.97419091,62.97419091,0.1837044575,0.7052162923,44.41042543,31.0872978
W80,L1738,house,2,4200,0.973,49039.2,437,0.611,319,815,496,118,0.2903225806,0.611,100,,,,,,319,620,257,-245.334,289.1624443,319,0.1,0.77146,246.09574,172.267018
W81,L1940,apartment,2,3600,0.973,42033.6,663,0.2329,332,805,473,331,0.6598308668,0.2329,100,,,,,,332,591.25,272.875,-233.957625,284.4570667,332,0.1,0.77146,256.12472,179.287304
W82,L1940,house,1,4000,0.973,46704,337,0.5068,179,629,450,158,0.3808888889,0.5068,100,,,,,,179,562.5,122.75,-222.58125,227.7676305,227.7676305,0.1866980099,0.702847195,160.0858402,112.0600882
W83,L1940,house,2,5500,0.973,64218,447,0.6164,227,813,586,220,0.4003412969,0.6164,100,,,,,,227,732.5,153.75,-289.85025,294.6945083,294.6945083,0.192415711,0.6983222063,205.7917192,144.0542035
W84,L1940,apartment,1,3000,0.973,35028,610,0.1014,115,650,535,495,0.8401869159,0.1014,100,,,,,,115,668.75,48.125,-264.624375,240.160173,240.160173,0.2871553989,0.6233452173,149.7026952,104.7918867
W85,L1941,apartment,2,4000,0.973,46704,302,0.3151,220,534,314,82,0.3089171975,0.3151,100,,,,,,220,392.5,180.75,-155.31225,188.711724,220,0.1,0.77146,169.7212,118.80484
W86,L1941,house,1,4000,0.973,46704,213,0.6521,128,450,322,85,0.3111801242,0.6521,100,,,,,,128,402.5,87.75,-159.26925,162.953949,162.953949,0.1868421094,0.7027331546,114.5131427,80.15919987
W87,L1941,house,2,5000,0.973,58380,364,0.5123,152,546,394,212,0.5304568528,0.5123,100,,,,,,152,492.5,102.75,-194.88225,197.9437215,197.9437215,0.1932867443,0.6976328706,138.0920467,96.66443267
W88,L1941,apartment,1,3200,0.973,37363.2,251,0.6274,94,528,434,157,0.3894009217,0.6274,100,,,,,,94,542.5,39.75,-214.66725,195.0439528,195.0439528,0.2862561342,0.6240568954,121.7185237,85.20296656
W89,L1942,apartment,2,3500,0.973,40866,343,0.3973,194,471,277,149,0.5303249097,0.3973,100,,,,,,194,346.25,159.375,-137.011125,166.4510566,194,0.1,0.77146,149.66324,104.764268
W9,L9533,apartment,1,965,0.973,11267.34,125,0.3753,50,174,124,75,0.5838709677,0.3753,100,,,,,,50,155,34.5,-61.3335,62.97419091,62.97419091,0.1837044575,0.7052162923,44.41042543,31.0872978
W90,L1942,house,1,3200,0.973,37363.2,251,0.3342,138,485,347,113,0.360518732,0.3342,100,,,,,,138,433.75,94.625,-171.634875,175.6251039,175.6251039,0.1867437554,0.702810992,123.4312535,86.40187744
W91,L1942,house,2,3500,0.973,40866,404,0.3616,152,547,395,252,0.6103797468,0.3616,100,,,,,,152,493.75,102.625,-195.376875,198.3253049,198.3253049,0.1938234024,0.6972081593,138.2740208,96.79181457
W92,L1942,apartment,1,3000,0.973,35028,161,0.2658,77,432,355,84,0.2892957746,0.2658,100,,,,,,77,443.75,32.625,-175.591875,159.5751953,159.5751953,0.2860849473,0.6241923727,99.60561981,69.72393387
W93,L1943,apartment,1,2600,0.973,30357.6,408,0.3863,100,565,465,308,0.6298924731,0.3863,100,,,,,,100,581.25,41.875,-230.000625,208.7519802,208.7519802,0.2871001809,0.6233889168,130.1336708,91.09356956
W94,L1943,apartment,2,4000,0.973,46704,284,0.3151,204,494,290,80,0.3206896552,0.3151,100,,,,,,204,362.5,167.75,-143.44125,174.5432106,204,0.1,0.77146,157.37784,110.164488
W95,L1943,house,1,4000,0.973,46704,443,0.5562,257,903,646,186,0.3303405573,0.5562,100,,,,,,257,807.5,176.25,-319.52775,326.9842219,326.9842219,0.186667767,0.7028711292,229.8277693,160.8794385
W96,L1943,house,2,5100,0.973,59547.6,718,0.4493,256,916,660,462,0.66,0.4493,100,,,,,,256,825,173.5,-326.4525,332.0132325,332.0132325,0.1921372516,0.6985425791,231.9253798,162.3477658
W97,L1944,apartment,2,5600,0.973,65385.6,478,0.3178,265,644,379,213,0.5496042216,0.3178,100,,,,,,265,473.75,217.625,-187.462875,227.6067092,265,0.1,0.77146,204.4369,143.10583
W98,L1944,house,1,5000,0.973,58380,533,0.5123,236,829,593,297,0.5006745363,0.5123,100,,,,,,236,741.25,161.875,-293.312625,300.184005,300.184005,0.1865888768,0.7029335629,211.0094121,147.7065885
W99,L1944,house,2,6000,0.973,70056,566,0.3699,244,872,628,322,0.5101910828,0.3699,100,,,,,,244,785,165.5,-310.6245,316.0446799,316.0446799,0.1917766623,0.6988279495,220.8608556,154.6025989